operator_utterance,spot_requirement_utterance
オペレーター: お客さま、どのようなご旅行をお考えでしょうか？,カスタマー: 北海道に旅行がしたいんですけれども。
オペレーター: 出発されるお日にちは、出発される季節はいつ頃になりますか？,カスタマー: 夏頃に予定しています。
オペレーター: お客さま、北海道で、何かどこかに行きたいですとか、食べたいですとか、そういったご要望はございますか？,カスタマー: カニとかが好きなので、カニがおいしいお店に行きたいです。
オペレーター: あとですね、カニの他にもですね、北海道ですと大変、魚介類が豊富ですので、カニを堪能しつつ他の料理も食べたいとか、そういったご要望はございますか？,カスタマー: 他の海鮮料理も楽しみたいです。
オペレーター: そうしますとですね、例えばなんですけれども、二条市場大磯というお店がございまして、こちらがですね、こちらですと例えば、イクラ、サーモン、ウニとかですね、北海道ならではの海鮮料理がございまして、こういったお店もございますが、お客さま、どうでしょうかね？,カスタマー: イクラとかも結構好きなので気になります。
オペレーター: あとですね、他になんか、観光してみたい場所ですとか、そういったご要望はございますか？,カスタマー: なんか絶景が楽しめる場所に行ってみたいです。
オペレーター: 夏で絶景ですので、そうですね、大自然をということで、何か、具体的なご要望とかございますか？,カスタマー: 動物とかがいるような。
オペレーター: かしこま…。,カスタマー: 雄大な。
オペレーター: あとですね、他に何か見てみたいですとか、食べたいものとか、ご要望はございますか？,カスタマー: あと夜景が楽しめる場所だとかに行ってみたいです。
オペレーター: 大丈夫です。,カスタマー: とー、ヒマワリとかを見に行きたいんですけれども。
オペレーター: あと、お客さまのほうで何かあと、買いたいものですとか、他にご要望はございますか？,カスタマー: ラーメンとか。
オペレーター: 今回何がしたいとか、どこか行きたいとか、そういったものが決まってれば教えてください。,カスタマー: 食～メインで、食べ歩きみたいな感じで、回れたら良いなって…。
オペレーター: 食べ歩き…。,カスタマー: で、メニューとしては、ガッツリ系の肉料理とかが好きなんでー。特に、もしー、その牛肉～系の、ステーキとかすき焼きじゃないですけどー。そういう肉料理とか、あとは、牛を使ってるけど珍しいB級グルメとか。そういう所をー、おっきなー通りとかで、食べ歩きーみたいなのが出来たりとかー。場合によってはちょっと車借りて遠出して、美味しそうなステーキレストラン行くみたいな、そういうのが、出来るような、場所とか県とかがあれば、行ってみたいのかなーって思って<>。
オペレーター: じゃあ具体的なその、場所～…、を、地域を絞りたい…。って感じですかね。,カスタマー: っそーですねー。有名な、本当に。松坂牛で絞っちゃってもう三重とかそっちの方に行くってのもある、あるかもしんないですしー。関東在住なんでー、近い所とかでも、もし調べてもらって、近いとこで、結構肉料理多い、場所ありますよってのを教えてもらえたらー、そういうとこだったら。すぐ行けるのかなーって<>すけどー…。
オペレーター: 牛肉…。和食洋食とかは特にこだわりなくってかた…、ちですかね…。,カスタマー: 一応、洋ですかね、最初は洋で…、メインで…。調べてもらって、出てこなそうだった時は和とかにスライドしてもらったらな…<>…すけどー。
オペレーター: …ほしいの…なっていう。そうーですねー。,カスタマー: でもあんまり、東京とかだと観光っぽい要素がないんでー。例えば北関東の方だったりとか、あとさ、埼玉でも良いんですけどー。足を運ぶようなとこですかね。
オペレーター: 栃木だと…。,カスタマー: 南だったら神奈川の方だったりとか静岡～<>。
オペレーター: お値段。,カスタマー: ケチるつもりはないんですけどー。
オペレーター: 行く日程…、行く曜日とかは、平日とか、週末とか。決まってます…。,カスタマー: でも、週末～、にプラっと行こうかなー、とか思ってたんですけどー。
オペレーター: か、かなり柔らかい、箸が…、スッっと通るぐらい。,カスタマー: そう。一っ品の、そういうとんがったメニューやってますー、みたいなお店も、行ってみたい。いろいろ<>良いと思うんですけどー。
オペレーター: お肉が出て、今もう出てこなかったので、食べ歩き、日光、日光、以外で。,カスタマー: そうですね。逆方面の、さっ、今～…、北関東ってお伝えしたんでー。神奈川の方だったりとかー、静岡っぽい所でー…、海のある県の方とか。でもしー、また肉料理が、そういうスパッと出てくれば…、そっちもちょっと興味ありますけどー。
オペレーター: お酒、ぜん、ごはん、食べ物だけっていうことですよね。,カスタマー: そうですねー。ご飯とー、お肉で、食べれれば良いかな。
オペレーター: 本日はご利用いただきまして、ありがとうございます。お客様、どのようなご旅行をお考えでしょうか？,カスタマー: 夏にー、一応7月の末ぐらいから8月かけてなんですけど、友達と、あの和歌山に行こうと思ってまして。それは1つは、仕事の用事でも行くんですけど、でも結構、自由時間とか前後の時間で、観光したいなと、フフ、いうことで、い、行ったこともない場所なんで、どんな、スポットがあるのかとか、そういうのをすごいフフ、初歩的なとこを今日は知りたいなと思いまして。
オペレーター: 本日はご利用いただきまして、ありがとうございます。お客様、どのようなご旅行を希望でしょうか？,カスタマー: 九州が行ったことが無くて、今度卒業旅行みたいな感じで行きたいなって思っているので、どういった所が良いかなっていうのをお聞きしたいです。
オペレーター: かしこまりました。お客様卒業旅行となりますと、春頃に行かれるんですかね？,カスタマー: 3月…ぐらいを予定してます。
オペレーター: 3月くらいで。何名様…の予定ですか？,カスタマー: 一応3人くらいの予定があります。
オペレーター: お客様、九州なんですけれども、例えば九州のどのあたりとかそういったご要望はございますか？,カスタマー: 1回も行ったことがないので、福岡はまず行ってみたいっていうのと、あとは隣接してる長崎であったり、大分であったり、そういった<>良いかなっていう思いはあります。
オペレーター: 福岡市内で…例えば…何か食べたい物とかそういったご要望はありますか？,カスタマー: 結構有名なのが。めんた、明太子とかもつ鍋とか。
オペレーター: そうですよね。,カスタマー: 特にもつ鍋とかは有名なんですけど、ゆう、お店とかでオススメとかがあれば、教えてほしいですね。
オペレーター: こちらもそうですね、夕方5時からの営業となっておりますね。,カスタマー: じゃあ逆にお昼頃とかに、博多ラーメン、ラーメンが結構好きなんで、そういう。
オペレーター: おっしゃってましたね。,カスタマー: <>。食べれるお店とかがあれば、お土産とかでもいいんですけど。
オペレーター: せっかくですので、今お調べいたしまーす。,カスタマー: <>のところを、気になるので調べていただけると、
オペレーター: こちら最寄りの駅が出島…という出島え、駅ですね。となっておりますね、あと何か食べたいものとかご要望ございますか？,カスタマー: やっぱ長崎だと。長崎ちゃんぽんと、佐世保バーガーは知ってるんですけど。それで有名なとこでも良いですし、他に長崎と言えばみたいな物があれば教えてほしいです。
オペレーター: よろしければこちらで食べていただくのも良いかなと思います。,カスタマー: 1つすいません。聞きたいんですけど。
オペレーター: こちらがですね、すいません、今ただいま調べたんですけれども、具体的なお酒…の品種がですね、すいませんこちらの方で出てこなくてですね。,カスタマー: 多分焼酎とかが有名だと思うんですけど。
オペレーター: じゃ、もうちょ、ただいまお調べいたします、少々お待ちください。,カスタマー: もしかしたら下の熊本とか鹿児島の。
オペレーター: さようですか。,カスタマー: 薩摩の方の方が。
オペレーター: お客さま、どのようなご旅行をお考えでしょうか？,カスタマー: 沖縄県に。1日、1日使って。1人で、旅行に行こうかなと思ってます。
オペレーター: 行かれる時期はお決まりでしょうか？,カスタマー: やっぱり夏頃を考えてます。
オペレーター: そういったご要望はございますか。,カスタマー: やっぱり有名どころでいうと、水族館。とか、あと首里城とか。やっぱメジャーなところに行ってみないな、みたいなと思ってまして。
オペレーター: 他にもご要望がございますか。,カスタマー: 水族館なければ動物が好きなので、動物園ってありますか？
オペレーター: 他にですね、沖縄県で何か見てみたいですとか食べてみたいですとか、買いたいものとか、そういったご要望はございますか？,カスタマー: もう帰る時に有名なお土産は。見て買って帰ろうかなあとは思ってます。
オペレーター: 何か、召し上がりたいものとか、何かご案内いたしましょうか？,カスタマー: 有名どころで何か食べて。
オペレーター: お客さまのほうで、他に、沖縄県で何か、見てみたいですとか、他にもご要望ございませんか？,カスタマー: 水族館行って、お城行って、そうですね、まあ。自然のきれいな海とか見れたらいいかなと思います。
オペレーター: 他にも、ご要望ございますか？,カスタマー: さっき夜景が、き、きれいってとこが出てきたんで。何か他に夜景がきれいなところってありましたかね？
オペレーター: あと他に何か、ご要望とかありますか。,カスタマー: <>も決まって、行くところも決まって、夜ご飯食べて、夜景も見れて帰るんで。あと、お土産を買って帰れるんで、もう完璧かなと思います。
オペレーター: 今回ご旅行の、ご希望とかー、行きたい場所なんていうのは決まっていますでしょうか？,カスタマー: 友人と石川県へ行きたい。
オペレーター: 季節的にはー、は、春とか夏とか、何か。,カスタマー: <>、3月ぐらい。
オペレーター: 石川県ではー、何をなさりたいですか？,カスタマー: 白山て、あのおっきな山、分かりますか？
オペレーター: 少々お待ちください。,カスタマー: あそこの近くに行きたい、ですけどね。
オペレーター: 食べたいものとか、ありますか？,カスタマー: できれば、3月だからー、ちょっとあっちの方、寒いーので、寒いと思うんですよね。
オペレーター: はい。,カスタマー: こっちより。東京より。鍋もんとか、ラーメンとかは、ない？ラーメンと…。
オペレーター: ラーメンでございますか？,カスタマー: ラーメンないよね、多分ね、そっちの。
オペレーター: お酒はお好きですか？,カスタマー: お酒飲めないんだけども、お米…
オペレーター: あとはーやっぱりお芋を使ったお料理、お菓子であったりとかー、あとーこれは、,カスタマー: できればなんか、はく、博物館とか美術館とか、ある、あるー、ある<>。
オペレーター: そういったところ、見たいですか？,カスタマー: そうですね。
オペレーター: 面白そうですよね。,カスタマー: 行くんだったらそういうとこー、ない、ところ行きたい。
オペレーター: 一応さっき仰られてたんですけど、動物園はいくつかありまして、カピバラとか見たければカピバラがいる動物園があるんですけど。,カスタマー: 行くんだったらね。
オペレーター: あとは特に何か、見たいとか、あとは買いたいとかっていうのは、ございますか？,カスタマー: 一応あればいーんですけど、絵？絵画、とかって、絵画、美術館とか美術…ある？あるんだったら。
オペレーター: はい。,カスタマー: え、絵の、絵の、絵の美術展…。
オペレーター: では、今回の、ご旅行、お決まりの範囲、具体的に教えていただきたいんですけども。,カスタマー: そうですね。ちょっと疲れを取りたいんで、源泉掛け流しのお湯に漬かれる温泉がいいなあと思ってるんですけけれど。
オペレーター: 温泉ですね。,カスタマー: どこでもいいんです。
オペレーター: いつ頃。,カスタマー: 冬とかが乙かもしれない。
オペレーター: どうしましょう、北か南か、お選びいただくと、もうちょっと絞れるかなって。,カスタマー: では、南がいいですかね。
オペレーター: どうしましょっか。,カスタマー: できれば、海の、に、ぎりぎり迫ってるとか、ありますよね、よくテレビで。そういう。川でもいいんですけど。
オペレーター: 山に近いは今すぐ出てきてたんですけど。,カスタマー: 山でもいいですが。
オペレーター: 貸切風呂っていうものがあるんですけども、お連れさまなどいらっしゃいますか？,カスタマー: 妻と行こうと思ってる。
オペレーター: 貸切、例えば貸切がいいとかっていうのは、こだわりは特に、な、ないですか？,カスタマー: 貸切のほうが、うれしいことはうれしいですね。
オペレーター: えー、竹林と今、海沿いというか水辺のそば、ご案内させていただいたんですけど、竹林よりは水辺のほうがいいですか、やはり。,カスタマー: そうですね。竹林は、いいですかね。フッフッフッ。
オペレーター: はい。,カスタマー: ウナギも食べてみたいなと、今、急に思って。
オペレーター: 四万十川ですね？,カスタマー: おまけにウナギも食べちゃい、えたらいいなと思いましたけど。
オペレーター: こちら、どうでしょう？今、い、お二つ、四万十川付近で検索して出てきたんですけども、こちら、どち、どっちか。,カスタマー: どっちかというと前者のほうが、やっぱりいいですかね。
オペレーター: 前者？,カスタマー: 貸切。
オペレーター: こちらと先ほどのだったら。,カスタマー: さらにこっちのがいいですね。
オペレーター: どういったご旅行をご希望でしょうか。,カスタマー: 出来れば、温泉とスキーを楽しみたいと思ってまーす。
オペレーター: いつ頃、ご旅行なさいますか。,カスタマー: やはりスキーなので、冬ですね。
オペレーター: ではお客様こちらす、雫石スキー場に行くとしてー、他は、どういったものをご覧になりたいかご希望ございますか。,カスタマー: 引き続きほ、ほ、ほ、他の温泉に夜入りたいなーと思っているんですけど、
オペレーター: お客様、露天風呂がよろしいか、あるいは室内のお風呂がいいかー、そういったご希望ございますか。,カスタマー: どっちでもいいですけど、露天風呂でじゃあ、お願いします。
オペレーター: わんこそばとか、それってちょっと、どうですかねー。食事じゃないよ、っていう方もいらっしゃるかもしれませんのでー、,カスタマー: わんこそばはー、実はすごい気になってはいててー、自分も子供も食べたいと思ってました。
オペレーター: もう一個、冷麺もあるようでー、盛岡、冷麺とわんこそばだとどちらがよろしいですかね。,カスタマー: わんこそばの方が良いと思います。
オペレーター: では、先ほどの話に戻りますとー、お夕食の方ですね、夕ご飯の方は、お魚ー、ご希望ですか。,カスタマー: お魚が、おね、お願いしたいですー、魚でお願いしたいです。
オペレーター: そのうどんすきの中に、海鮮が入っているような感じの場所とかも御座いますしー、いかかー、ですかねー、どう。,カスタマー: うどんー、がいいですね。
オペレーター: もう一度、お願い出来ますか。,カスタマー: うっ、うどんー、が良いです。
オペレーター: どうでしょうか、専門店で買うのとー、それかー、いろんなー、ものから選べるようなー、その物産館のような所ですね、そういった所から、選ぶの、どちらが良いですかね。,カスタマー: 物、産館ー、の方が良いですね。
オペレーター: 本日は、ご旅行の、ご計画されているということで、まず行先など、決まってる範囲で教えていただいてもよろしいでしょうか？,カスタマー: そうですね、青森の方、行ったことがないので行ってみたいなあと思ってます。
オペレーター: 青森県、青森県、具体的に青森県のどこまでっていうのは決まってらっしゃらないということでよろしいですか？,カスタマー: そうですね、家が埼玉なもんで大宮が近いので、東北新幹線で行けるところぐらいから、そっからちょっと足を延ばしてもいいかなと思ってますけど。
オペレーター: で、季節とかもし決まってれば、まだ決まってない。,カスタマー: そうですね、雪のころはやっぱりつらいんで、はるさ、春先ぐらいがいいかなあと<>。
オペレーター: じゃあお一人で楽しめるようなところのほうがいいですか？なんか具体的にやりたいことがあれば、まずお調べしたいと思うんですけど。,カスタマー: そうですね、やっぱり青森といえばー、ねぶた祭なのかなと思うんですけど、夏になりますし、まあすごい混むと聞いてますんで、しょっぱなですから、あー、ねぶたのなんかそういった出し物みたいなのが、展示されて<>見えたりとかですね、あとはー、やっぱり津軽三味線の、おー、ライブをみ、見たりとかですね、あとよく分かりませんけど、大間のマグロなんかもたぶんどっかで捕れるんだろうから、海産物とかも美味しいのかなと思うので、そういったところ行ったりとかできたらいいかなあなんて、漠然と思ってるんですけど。
オペレーター: 三味線を、ライブでしたっけ、そういったのを。,カスタマー: そうですね、そういうの見ながら、お酒でも食事でもとれるようなところがあったら行ってみたいなあと思うんですけど。
オペレーター: お客様どのようなご旅行をお考えでしょうか？,カスタマー: 温泉、どっか温泉に行って、リラックスしたいなと思ったんですけど。
オペレーター: お客様、何名様で行かれる予定ですか？,カスタマー: 一人で行けるところを探してます。
オペレーター: 例えばなんですけれども、行かれる時期とかはお決まりですか？,カスタマー: 例えば、秋とか、紅葉の時期？とかに良さそうな場所とか。
オペレーター: できればなんですけれども、例えば例えば東日本側がいいですとか、西日本側がいいですとか、どちらか絞れますか？,カスタマー: じゃあ、東日本？のほうで。
オペレーター: ありますよね。そういった風呂もありますけど、何か、こだ、こだわりとかありますか？,カスタマー: 温泉…できれば、源泉かけ流し？の、温泉がいいなーって思っていて。
オペレーター: こちらも、なかなかよろしいかと思いますね。,カスタマー: じゃあ、その源泉かけ流しで、色んなお湯に、色んなお湯と言うか。温泉街？みたいな所ってありますか？
オペレーター: 硫黄の温泉？ですね。,カスタマー: 今聞いていて、そういう、いろ、温泉街みたいなところで、色んなお湯に、入って、出て、ちょっとお茶したり、またお湯に入りに行ってお茶したりみたいなイメージとー。一箇所で、すごい落ち着いたさっきの秘湯とか、そういう雰囲気がありそうな所で、1日ゆっくりするっていうのと、すごく迷ってるんですけど。
オペレーター: そうですね。こちら、登別温泉とだけなってますので、特に源泉かけ流しかどうかは特に書かれてはないんですよね。,カスタマー: そしたら、一番の、温泉に行くときの、これだけはっていうポイントが、私的には源泉かけ流しなので、それに絞って探したいです。
オペレーター: かしこまりました。あと何か、お客様の方で、見たり食べたりとかそういったご要望はございますか？,カスタマー: 食べたりしたいですね。ちょこちょこ色んなものを、甘いものとか。お茶するだけだったりでもいいんですけど。
オペレーター: そうですか。,カスタマー: どちらかといえば、でも、和食がいいかな、
オペレーター: そうしますと、お客様、例えば蟹はお好きですか？,カスタマー: 蟹、大好物でーす。
オペレーター: 確かに。多分、コース料理は、に、2名様というところが多そうですよね。,カスタマー: お店側が一人でもオッケーっていう感じであれば、どこでも一人で入れるタイプなので、フフフ、問題ないんですけど。
オペレーター: ええ、ええ、ええ。,カスタマー: そういうものにちょっとでも関係する場所とか、触れられる場所とかってあるんですかね？
オペレーター: お客様、どのような旅行をお考えでしょうか？,カスタマー: あまり具体的なことは決めてないのですが、一度、しまなみ海道周辺を、旅したいと思っていましてー、しまなみ海道は、行くとしたら自転車で、横断したいんですけどー
オペレーター: 何名様で行かれる予定でございますか？,カスタマー: そうですね。友人と二人で行こうかなと思っています。で、友人も、女性じゃなくて男性の、男性と行こうかなと思ってるんですけどー
オペレーター: あと、すいません。具体的に行かれる季節ですとかー、決まっておりますか？,カスタマー: 季節はー、特に決まってないんですが、冬はちょっと自転車は寒いかなあと思うので、できれば冬以外がいいかなと思っています。
オペレーター: あと他にですねー、しまなみ海道に行かれましてー、あと例えば他に観光したいですとかー、何か見てみたいですとかー、食べたりとかー、そういったご要望はございますか？,カスタマー: 訪ねられたら行ってみたい場所があるんですけどー、
オペレーター: 左様でございますか。,カスタマー: その二つの島にもし行ければ、行ってみたいなあと思っています。
オペレーター: すいません。他に、他に何かご要望はございますか？,カスタマー: そうですね、もし途中かゴールのほうがいいかな、ゴール地点の近くでー、温泉に入れる場所があればー、寄ってみたいのとー、しまなみ海道の、名物も味わいたいのでー<>、甘いものとか、あとは昼食かな、昼食おすすめスポットがあれば教えていただけたらと思います。
オペレーター: それでも構いませんし、終わったあと、<>行かれても大丈夫かと思うんですけれどもー,カスタマー: 分かりました、戻ってきてから入るっていうのであれば<>いいかなと
オペレーター: あとー、どこか美味しいものを食べたいとのことですよね。,カスタマー: 普通にメインメニューのお食事も食べたいですしー、途中、休憩、甘いものも、食べてみたいです。
オペレーター: かしこまりました。お食事なんですけれどもー、郷土料理が良いですとかー、何かご要望はございますか？,カスタマー: 広島なのでー、お好み焼きが<>かと思いましてー、そういうちょっと焼き物系のお店、おすすめあれば<>
オペレーター: かしこまりました、それでは、まず行先についてお聞きしたいんですけどもー、具体的にどこ行きたいとかって決まってらっしゃいますか？,カスタマー: 北海道で考えてます。
オペレーター: 北海道ですねー、はい、ちなみに北海道、何月ごろに行くとか、季節はどれぐらいに行きますか？,カスタマー: 冬ですね。
オペレーター: ちなみに、人数は何名様で行かれるご予定でしょうか？,カスタマー: 一人旅です。
オペレーター: 何か、アクティビディというか、こういうことがしたいとかー、こういう場所が見てみたいとか、あとは、どういうものが食べてみたいとか、そういったご希望やアイデアはございますか？,カスタマー: せっかく冬なので、脂が乗った魚は食べたいですね。
オペレーター: 魚介料理のお店かなりたくさんございまして、例えば、カニが食べたいですとか、カキが食べたいとか、そういったなんかご希望ってございます？,カスタマー: カニいいですね。
オペレーター: どうでしょう、もう何件かご紹介したほうがよろしいでしょうか？,カスタマー: じゃあもう一件ぐらい、
オペレーター: <>昼間とか何か、アクティビティだったり、どっかちょっと見てみたい場所だったりとか、お探しになったほうがいいかなと思うんですけど、<>。,カスタマー: 写真がとれるようなスポットとかあるといいなと、冬の、
オペレーター: <>結構その自然、なんていうんだろ、自然の風景だったり、の方がいいでしょうか、それとも<>歴史的な例えば建造物でしたりとかー、の方がいいですか？,カスタマー: そうです、じゃあ歴史的な建造物の方で。
オペレーター: それとも、札幌から離れたところとかーでもお探しすることもできますけど、どうでしょうか。,カスタマー: でも、それくらいで、そうですね、時計と、ありますし、<>、そうですね、大学、そのどれぐらい歩き回って時間かかる分からないのでー、結構、そうですね。
オペレーター: そうですね、東京ドーム38個分です<>。,カスタマー: <>ゆっくり大学見て、時間が余ったら時計台やってーみたいな、そんな感じでいいのかなあと思います、
オペレーター: ではここまでで一応、夕食と、北海道大学と時計台で写真を撮るというところまでは、決まったと思うんですが、他に何かやってみたいこととかってございますか？,カスタマー: じゃあ昼食ですね。なんかお昼で<>美味しいお肉とか。
オペレーター: 結構お昼はお肉料理がいい感じですか？,カスタマー: そうです、そうですね、どうしようかな、夜魚、魚というかカニなので、肉料理でもいいし、ラーメンとかでもいいし、
オペレーター: そうですね、やっぱあれですね、コース料理みたいなやつじゃなくて、なんていうか、一品物みたいなほうがよろしいですかね。,カスタマー: そうですね、それこそ丼物二件ハシゴするくらいでもいい気持ちなので、
オペレーター: ほかなんか、ラーメン以外ですと、例えばなん、なんですか、ジンギスカンとかですかね、<>料理でいいますと。,カスタマー: それこそ食べ歩きできるような店でもいいです、
オペレーター: どうでしょう、こちらも一応リストとかにいれたほうがいいですか？それとももうちょっとほかの店とかも。,カスタマー: でも、今の2件どちらも良さそうなので、一応リストに入れる形で、お願いします。
オペレーター: かしこまりました、かしこまりました、ではスープカリーひげ男爵と、万屋マイキーこちらのスープカレー店2件もリストに加えさせていただきますねー。,カスタマー: 実際に行くのは一件かなという感じですね、
オペレーター: あとどうでしょう、もうちょっと軽めのやつとか、食べ物でしたりとか、また、お菓子だったりとか、そういった食事系も探しますか、それとも、<>全然違うやつとかでも食事じゃないやつとかでも大丈夫ですけど。,カスタマー: お土産も買えるようなお菓子のお店があると、
オペレーター: お土産ですと、例えば、どうですかね、ぱっと見る限り魚介的なお土産屋さんとかー、ほかには、スイーツですね、スイーツとか、いくつかこう種類があるんですけど。,カスタマー: スイーツで、そうです、スイーツでお願いします、
オペレーター: 大丈夫ですよ。,カスタマー: 宮城県のほうに行って…宮城県とか石巻？行ってみ<>
オペレーター: なるほど。,カスタマー: 仙台<>行ってみたいんですけどー、
オペレーター: かしこまりました。では仙台でどういったことをなさりたいですか？,カスタマー: 妹とちょ、ちょっと歳の離れた妹と行きたいんですけれどもー
オペレーター: では、行かれる季節はいつになさいましょうか？,カスタマー: 夏です、夏。
オペレーター: こういった点に配慮してほしいとか、ご希望はございますか？,カスタマー: 妹が足がちょっと悪い、不自由なもんですからー、<>色々まわりたい気持ちは山々なんですけどー。なんかあっ、アップダウンが激しいとことか、
オペレーター: 分かります。,カスタマー: そういうとこは避けたいかなって感じです。
オペレーター: そうしますと、どうなんでしょう。具体的には何か屋外にある場所を、ちょこっと見るような感じがいいのか。,カスタマー: 自立歩行できますので、妹も。車椅子と<>ないのでー。
オペレーター: ええ、ええ。,カスタマー: あの<>えっとー、ま、ゆっくりであれば、ちゃんと歩け<>できるのでー。例えば幼少期の二人の共通の記憶をたどってー、朝は、港のほうの朝市を見てー、マルシェみたいのなんかあった気がするんです<>
オペレーター: 大体、何時ぐらいに行かれるお考えでしょうか？,カスタマー: やっぱり朝、朝の雰囲気をのみたい、楽しみたいので、<>てー、早く起きてー、開店と、8時の開店と同時に<>、9時までには入りたいかなって感じで。
オペレーター: <>朝が<>,カスタマー: 行きたいかなって、
オペレーター: では、どうしましょう。その後、たーくさん時間が残ると思うんですけれどもー。,カスタマー: 夏場、夏場なので、悪くならないものを購入したらその足でー、朝、朝市のエリア内にあるー<>、生きが良い、せ、鮮魚のお店で、こ、ごは、昼食を食べる<>ますかねー。
オペレーター: お客様、10時とか、それぐらい早い時間がよろしいですか？,カスタマー: 頑張って早起きをしてますしー、あとあんまりお昼時混むと妹のことも心配なので、開店と同時に早<>けど、早弁感覚で、
オペレーター: では、こちら、ちょっと早めのお昼ご飯といった感じになるかもしれないんですけれどもー、この次いかがいたしましょう？,カスタマー: その次はですね、お腹もいっぱいになったので<>、昔、仙台駅の駅前にー、えっと、古びた映画館があったかと<>もしその映画館がもしかしたら様変わりしてしまったかもなんですけど、<>休みがてら映画館で<>、何でもいいんですけど、見たいかなって感じなんですけど、ありますかね。
オペレーター: まだまだオプションございますけれども、いかがいたしますか？,カスタマー: 今日は朝は早起きをしてしまって、あ、<>てー、で、早弁もしたのでー、オヤツの時間を飛ばしてー、ちょっと早めのお夕食、<>早弁にしようかなと思うんですがー、先程の地底の博物館の、あとにー、えーとー、んー、お昼は和食だったのでガッツリ洋食ではないんですがー、
オペレーター: 洋風のものが良いか、和風のものが良いか。,カスタマー: 仙台の勝手なイメージなんですが、やっぱり和風寄りかなと思うのでー、ずんだとかはまた違うか。<>、あずき<>ありますかねー、
オペレーター: ずんだのお餅とかのがいいですかね。,カスタマー: いいです。
オペレーター: お客様、どちらがよろしいでしょうか？,カスタマー: ふふふ、両方って言いそうになっちゃったんですけど。
オペレーター: ほんとですか。,カスタマー: <>鯛焼きは絶対マストですね、はい、行きたいです。
オペレーター: お客様、両方行ってもいいんですよ。,カスタマー: いいです。両方お願いします。
オペレーター: 楽しむことができます。,カスタマー: 鯛焼きをサクッと<>あとにー、そちらの、ずんだ餅の専門店で、えとちょっと<>こしは食べてー、あとお土産<>を買ってかららの、にしようかな、
オペレーター: 今回はどのようなご旅行をご予定してますか。,カスタマー: 海で。泳いだりとかリゾート気分を味わえるようなとこに行きたいなーって思ってます。
オペレーター: ご人数様は何人くらいで行かれたいですか？,カスタマー: <>友だちと二人で。
オペレーター: では、いれ、探していきたいと思うんですけれども、何かご希望とかございますか？どこがいいとか、地名とかで。,カスタマー: そうですねー、綺麗な海がいいので。えへへ。沖縄方面とかなんですかね？やっぱり。大体かんがえ、想像とかなんですけど、やっぱ沖縄の離島とか。
オペレーター: 大体かんがえ、想像とかなんですけど、やっぱ沖縄の離島とか。,カスタマー: その辺がいいのかなあ。
オペレーター: こちらはすごい写真が出てるんですけど、綺麗な海なんですが、こちらはいかがですかね。,カスタマー: こ、何ていうんですかね、ビーチもあって。何ていうんですか、日本っぽく無いところが良いです。
オペレーター: <>はいかがですかね。,カスタマー: 近くに街みたいなのがある所がいいなあって思ってて。
オペレーター: ここを見学して、あとでビーチで泳ぐみたいな感じの、グラスボートとか見た後に近くにビーチがございます。,カスタマー: 潜ったりする体験が出来るようなところとかがあればいいなあって思うんですけど。
オペレーター: ダイビングですね。,カスタマー: ダイビングっていうか、何ていうんでしょう、ダイビング、素潜りぐらい。ふふっ。
オペレーター: そろそろお腹がすく頃になると思うんですけれども、何か食べたいものとかありますか？,カスタマー: 沖縄の。食事がははは、食べたいです。
オペレーター: 一応出てきましたのが、おそばみたいな、,カスタマー: ソーキそばとかがいいですね、
オペレーター: 食べた後何かすスイーツとかなにか召し上がりたいものとかありますか？,カスタマー: アイスとか。
オペレーター: 少々お待ちください。,カスタマー: なんか冷たいものが食べたいです。
オペレーター: ふふふ。い、ハワイアンケーキ。,カスタマー: そう、海外気分味わいたいなと思うので。
オペレーター: お肉とかも。,カスタマー: 海が見えるバーみたいなそういうとことか。バーみ。バーがよろしいですか？景色が良いバーみたいな。
オペレーター: 海が見えた方がいいんですよね。,カスタマー: 海っていうか景色がいいバーとか。
オペレーター: 一応ですね、え海でトップマリンにはい、行って、琉球ガラスてぃだ工房で色々なんか作っていただくいうこ、あ、ソーキそばをお召し上がりいただきまして、はわ、ハワイアンパンケーキをお召し上がりいただき、あフルーツランドでフルーツをいただくって感じなんですけれども、お土産かどうしますか？なんか特別回ってみますか。,カスタマー: なんか買いたいですね。配る用のお土産も買いたいです。
オペレーター: じゃあ今ちょっと見てるんですけれども、お菓子、ガラスの、ガラス館とか、ガラスとかの、展示販売されてるところとか、お菓子とかあるんですけれども、いかがですか。,カスタマー: 沖縄のお菓子が良いです。
オペレーター: で、この度は、ご旅行のご相談ということでしたが、行先はもう、決まってらっしゃいますか？,カスタマー: 沖縄を、考えてます。
オペレーター: こちらはいつ頃ご旅行されるかっていうのは、もう、決まってらっしゃる<>。,カスタマー: 春頃の予定を、考えてます。
オペレーター: こちら、何名様ぐらいで行かれる感じでしょうか？,カスタマー: 今のところ2名です。
オペレーター: 沖縄県で、何かやってみたいことですとか、そういった何かご希望はございますか？,カスタマー: まず、初めて行くので。
オペレーター: そうなんですね。,カスタマー: 沖縄の、沖縄の、綺麗な海を見たいなって思ってます、
オペレーター: どういう感じの、シチュエーションが。,カスタマー: できれば、立ち入りできるビーチ。
オペレーター: ビーチ。,カスタマー: へ、行って、実際に砂浜を、歩きたいなって、思ってます。
オペレーター: 一応、沖縄県のどの辺に行かれるとかっての、決まってたりしますか？,カスタマー: とりあえず、無難に那覇にしよう、と思ってます。
オペレーター: では、ほかに何か、やりたいことはございますか？,カスタマー: あとは、沖縄の歴史めぐりみたいのをしたいですね、
オペレーター: こちらもやはり、那覇、周辺がよろしいでしょうか？,カスタマー: でも、けっこう有名なものとか、貴重なものがあったら、少し離れても、大丈夫です。
オペレーター: それか、戦争に関係したような、場所がいくつかあるんですけど。,カスタマー: できれば、琉球王国とかそういう。感じのがいいです。
オペレーター: いかが、なさいますか？もう少々歴史的な場所ですとかをお伝えいたしましょうか？,カスタマー: 他にもありますかね？
オペレーター: ほか、は、ですね、少々お待ちください、やはり、琉球王国、に関連したものがいいですかね？,カスタマー: 沖縄も初心者なので、メジャーなところとか、おっきなところ、有名なところとかを、とりあえず中心に巡りたいですね。
オペレーター: お酒とかって、あまり飲まないですか？,カスタマー: お酒はどちらも飲まないので、食べる。
オペレーター: どのようなりょ、ご旅行を、ご希望ですか。,カスタマー: 家族で夏休みに旅行したいんですけども。高知県に行ってみたいなと思って。
オペレーター: そうですか。,カスタマー: 夫が、行ってみたいって、い、言ってまして。
オペレーター: <>とか。,カスタマー: 子どもが小さいので。
オペレーター: そうですね。,カスタマー: 子どもが遊べる所に。
オペレーター: 承知しました。,カスタマー: 子ども中心でいきたいんです。
オペレーター: これは、プールみたいな形になっちゃうんですけ、季節的にはいかがですか。何月ぐらいが。,カスタマー: 夏休み、8月に行きたいんですけれども。
オペレーター: ご希望、ございますか。,カスタマー: 子どもがやっぱり喜ぶところがいいなと思いますけど。
オペレーター: ない。アス、アスレチックとかはないですね。,カスタマー: 遊ぶ場所があるほうがいいですね。
オペレーター: お食事は、どういったものがいいですか。,カスタマー: 子ども連れでも、あんまり気兼ねなく。
オペレーター: はい。,カスタマー: 入れるとこがいいですけどね。
オペレーター: あとは、夕飯とかはどんなものをお召し上がりになりたいですか。,カスタマー: 夕飯は、なんか高知県の名物、何かあれば。
オペレーター: 和食がいいですかね？,カスタマー: 和食がいいです。
オペレーター: あとは、特に何かありますか。,カスタマー: やっぱ高知県っていうと、四万十川とかのカヌー下りとか。あれ、やってみたいなとは思うんですけど、やっぱ。子どもが小さいので。
オペレーター: ハハハ。,カスタマー: できなくて。カヌーとか乗らなくても、川遊び。とか、楽しめるとこがあったら教えていただきたいんですけど。
オペレーター: 見るでもよろしいですかね、じゃあ、,カスタマー: そう…。見たり…。
オペレーター: 遊ぶっていうよりは。,カスタマー: 入ってぱちゃぱちゃやるぐらい。のことが何かできるのかなと思って。
オペレーター: 公園とかになってしまうんですけれども。,カスタマー: 船みたいのあるんですか。
オペレーター: ご旅行どういう風なご旅行がされたいとかー、どこ行きたいですとかー、そういうことは決まっていますかー？,カスタマー: 行きたい場所ーがない、だからまだ決められてなくってー、ただこの前カメラを買ったんでーだから人とか写真撮りに行きたいなっと思ってー
オペレーター: そうい、例えば街ーの景色を撮りたいだとか、それと自然…の景色を撮りたいとかーそういうのってー…いかがですかー？,カスタマー: どちらかっと言うとー人とか街の景色とかー、後はー…神社とかそういう建築物でもいいんですけどー。
オペレーター: なるほどー。,カスタマー: そういう系のものが撮れたらなー。
オペレーター: あんまやっぱ都会とかじゃなく、ないような場所が…いいですかねー？,カスタマー: 都会、人がー結構居てもいいんですけどー、関東圏は外れたいかなってー<>。
オペレーター: もうちょっとなんか街っぽいところの方が良いですかねー。,カスタマー: 人が歩いてる街ーとかそういうー所を撮りたいんですけどー。
オペレーター: 左様でございますか。,カスタマー: はい。う、海の写真とかも撮りたいんで。
オペレーター: 三重県ー。,カスタマー: 特にー、奈良県、近いじゃないですか。なんでー奈良県の方も見に行けたらなって思うんですけどー。
オペレーター: ちなみに奈良県ではどういう場所に行ってみたいとかってございますかー？,カスタマー: 奈良県はー神社系、神社系？お寺、とかたぶん色々あると思うのでー、そこら辺で見てみたいなって思うんですけど。
オペレーター: 本日はご利用、ありがとうございます。今回のご旅行は、どちらのほうに行かれたいと思ってらっしゃいますか。,カスタマー: 北海道なんですけれど。
オペレーター: 季節とか、お決まりですか。,カスタマー: 春が、やっぱりいいかなと思って。
オペレーター: 何人さまで、ご予定しておりますか。,カスタマー: 私と友達2人で考えております。
オペレーター: 沖縄では、どういったことをしたいですか。,カスタマー: 北海道です。フフフフフ。
オペレーター: すいません、まち…。北海道では、どのようなことをされたいですか。,カスタマー: そうですね、あんまりよく…。観光地っぽいところも、し、行きたいんですけど。あまり張り切りすぎないで、友達とおしゃべりしたり、のんびり。
オペレーター: テイザンケイの辺りで、何か観光をお探ししましょうか、,カスタマー: そうですね。近くになんか。
オペレーター: マッサージとか、あと、エステとかっていうのはご興味ないですか。,カスタマー: そうですね。そこまでしなくてもいいかな。
オペレーター: でも、お洋服見るって感じじゃないですね。,カスタマー: そうですね。ヘヘ。観光だから。
オペレーター: いい感じですね。じゃ、雨降っても大丈夫ってことで、じょ、女子にもお勧めって書いてあるんですけれども。,カスタマー: じゃあ、そのビールも。たくさん買って、送りたいですよ、うちに。ウフフ。
オペレーター: ご、ご夕食の、候補で。,カスタマー: 今、急に思い、アハッ、思い付いたんです。昼は、北海道の、ら、あ、えっと、さっ、か、ラーメンじゃなくて、カレーはどうですか、
オペレーター: ここ、でも、辛、辛さが、し、選べるのがいいかなっていう。,カスタマー: ちょっと辛いのが苦手な子がいるかもしれないから。
オペレーター: よろしくお願いいたします。こん、今回のご旅行なんですけれども、どちらの方面を、ご希望されてらっしゃいますか？,カスタマー: 沖縄です。
オペレーター: あとご老人の方とかはいらっしゃいますか。,カスタマー: もいないです。子供は小学生と中学生と高校生なんですけれど。
オペレーター: 沖縄は季節的には。,カスタマー: そうですね、春がいいかなと思ってるんです。
オペレーター: はい、承知しました。特に沖縄でこう、し、やりたいなっていうこととかってありますか。,カスタマー: 子どもたちが喜べるところがいいかなと思って。
オペレーター: いちご狩りとかは。,カスタマー: <>いちご狩りよりも、食べるよりも遊ぶほうがいいかな、<>よりは。
オペレーター: あとはお食事とかオートキャンプ場で済まされちゃいますかね。何か夕飯とか特別にお、ご料理。,カスタマー: そうですね。例えば昼はそこでバーベキューして、夜は近くに食べに行くっていうのでもいいかなと思うんですけれど。
オペレーター: では夕飯をちょっとお探ししますので、和食がいいですか？それとも,カスタマー: 沖縄料理が食べたいです。
オペレーター: ら、それっぽすぎますかね。あとは。,カスタマー: 私この例えば土地の食材とか、調味料とか、そういうの持って帰って家でもまた調理したいなとか思うんですけど。何か。
オペレーター: であれば、マックスバリューがあるんですね。,カスタマー: こういうの揃ってるところありますか？なるほど。
オペレーター: ご旅行の予定とゆーか、どちらの方面に行きたいとか、ございます、か？,カスタマー: 北海道に行きたいんですけれども。
オペレーター: 季節とかー、ご希望ございますか？,カスタマー: 秋頃ですかね。
オペレーター: 特に何かやりたいこと、とゆーかー、ご希望ございますか？,カスタマー: 紅葉が綺麗な所に行きたいんですけども。
オペレーター: お食事とか、やってみたいとか、食べてみたいとか、ございますか？,カスタマー: 食事はそうですねー、やっぱり海鮮、お寿司とかー、美味しいところが。
オペレーター: 函館の近くで、<>いま、ちょっと探してみます。,カスタマー: なんか、で、で、一人なんで、できればあんまり、高くない、店がいいんですけどー。
オペレーター: 紅葉以外に、,カスタマー: 秋、秋なんで、もう、ちょっと肌寒いかなと思うんですけれどもー、なんか屋内の施設で面白そうなところが、あれば。
オペレーター: テーマパークみたいのがよろしいですか？それともアウトドアとか、体験とか、そうゆう…,カスタマー: そうですね、一人なんでー、なんか見て、楽しめる…
オペレーター: 見て楽しめる…,カスタマー: なんか美術館とか、博物館とか
オペレーター: あー,カスタマー: そういった感じ。
オペレーター: どうでしょうね、いろんな所を、他のお店でも、お土産屋さんはあると思うんですけれどもー、お土産でも検索しますか？,カスタマー: そうですね。お土産、買うのに、便利な場所があれば。
オペレーター: 本日はご利用いただきましてありがとうございます。お客様どのようなご旅行をお考えでしょうか？,カスタマー: どっかにフルーツ狩りをしに行きたいなと思っていて。フルーツを自分で取ってすぐ食べれるようなところ、食べ放題みたいなところで2、3か所行けたらいいなと。
オペレーター: フルーツ狩りですと、例えば、いろいろあるんですけど、な、何を、な、どういったフルーツが、食べてみたいとか、ありますか？,カスタマー: <>それ以外だったらもうなんでもやってみたいです。
オペレーター: よろしくお願いします。お客様どちらへご旅行になりますでしょうか？,カスタマー: そうですね、なんとなくしか決めてないんですけど、夫婦、50代の夫婦二人で、秋なので、なんとなくなんですけど、箱根方面に行きたいかなーって思うんですけど。
オペレーター: あるいはぼんやりとどういったことしたいなとかあればこちらの方でお調べ致します。,カスタマー: そうですね、何か所か<>とこがあるんですけど、名称とかはわからないんですけど、確か何かオルゴール、オルゴールの美術館的なものがあるって<>、そういうなんか、ぶん、文化的な行動をしたいと思って、
オペレーター: ありがとうございます。,カスタマー: 先ほど申し上げましたけども、ちょっと文化的な、線とかではなくて、文化的な行動をしたいと思ってるので夫婦二人で、オルゴールは今あったので、そうですね。
オペレーター: ええ。,カスタマー: 何か、なんかびじゅ、なんかこうキーワードで美術とか文化とかそういうものありますか？
オペレーター: どうですかお客様どう<>何かイメージがわいてきましたか？,カスタマー: 三つ、は、はじめにセンテンスがあって、二つ目の文学とかそういう部分を特化したところ
オペレーター: ええ、,カスタマー: と、秋なので、夜空もいいのかなと思ったので、星とかですか？地球とか、なんかそういう感じのところにもうちょっと絞って<>ますか？
オペレーター: 歩いてたりすると甘いものも食べてく、食べたくなるかと思うんですけれどもいかがでしょうか。,カスタマー: ばれました。そうですね。私も多分おそらくかまぼこ食べた後。文学を堪能した後に絶対お腹はすくと思うんです。
オペレーター: お客様やはりカフェのような感じのところがいいですかね。それともお食事をしっかり食べられるようなところがよろしいですか？,カスタマー: すいません。そうですね。わ、和カフェというか、なんか甘味処的なところがあれば。<>ますかね。
オペレーター: では夕ご飯、どのようなものがよろしいでしょうか？,カスタマー: そうですね。もう今日はずっと和で来てるので。そのつながりで、ゆう、夕飯もちょっと洋食けっこうヘビー、ね年齢柄ヘビーになってきたので、和風で行きたいんですけどありますか？
オペレーター: その中で決めていただくと。,カスタマー: そうですね。そうですね。今すごく惹かれたんですけど、一つだけリクエストがありまして。
オペレーター: はい。もちろんです。,カスタマー: せっかく小田原というか海、海側、うみそ、海側、海の近く<>ので、できればお魚を。
オペレーター: 今回は、どのようなご旅行、ご希望ですか?,カスタマー: 今回は、食べ歩き、食べるのが結構好きで、お、お酒とかも、結構好きなんですけど。そーゆー、1日もーかけて。お酒を飲んだり、ご飯を食べたりするような旅行がしたいと思っていて。
オペレーター: 例えば、季節とかはいかがですか?<>,カスタマー: 日本酒ーが好きってゆーのもあるので。冬がいいかなと。ちょうど、お酒新種とゆーか、新しいお酒の時期なので。
オペレーター: 何人様でご予定していますか?,カスタマー: 友達と4人で行こうかなと。
オペレーター: やっぱり、北の方に<>ますか?,カスタマー: 東北か、やっぱり、東北かなとは思ってはいるんですけど。
オペレーター: やっぱり、同じように食べて歩けるような。,カスタマー: もういっそ。東北の別の県で、同じようなお店が、あったらいいかなと思うんですけど。
オペレーター: 探してみますね。,カスタマー: その日は、東北をまたにかけて、食べ歩きしようかなとゆーふーに、今、思いました。
オペレーター: 海側がいいですかね、山側がいいですかね。,カスタマー: やっぱ、お魚、美味しそうなんで、海ーがいいですかねー、
オペレーター: 他に飛んで。,カスタマー: 秋田か、宮城とか、行けるかなーってゆー感じですけど。
オペレーター: あとは、やっぱり、海産物が多い、牛タン。,カスタマー: 今回はやっぱり、海産物は食べているので、牛タン、やっぱり、いきたいかなって思います、
オペレーター: あとはー、,カスタマー: 今、思ったんですけど。東北の方で。ビールが、飲めそうなところってありますか?び、ビール作ったりとかしてるか、わからないんですけど。
オペレーター: さっきの番屋もあったんですけども。,カスタマー: 結構かなり食べてる気がするので、
オペレーター: お酒、買って帰る。,カスタマー: お土産、それもいいんですが。お茶したいなってのがあって、喫茶店とかって、どっかありますかね?
オペレーター: 喫茶店で、スイーツとかは、ご希望されますか?,カスタマー: あれば嬉しいかなと、思いますね。
オペレーター: 和風と洋風、あるんですけど。,カスタマー: 洋風の方がいいかなと、思います。
オペレーター: その他、何か、ありますかね?,カスタマー: あとは、行くとしたらお土産を買おうかなってゆー感じなんですけれども。食べものじゃなくって。民芸品とか、工芸品とか、そーゆー物を持って帰りたいかなと思。
オペレーター: 軽く、また、お茶でもしますか?,カスタマー: じゃー、そうしますね、コーヒーとか、の、飲める場所とかってあるんですかね。
オペレーター: どちら、になりますか？,カスタマー: 北海道を考えてます。
オペレーター: もう、いつ頃行かれるとか、決まってるんですか？,カスタマー: それも決まっていて。夏、がいいと思ってます。
オペレーター: ちなみに何名様で、ご旅行されるんですか？,カスタマー: 友達と、2人の予定です。
オペレーター: ここに行ってみたいとか、そういった何かご希望はもうございますか？,カスタマー: そうですね、せっかく北海道に行くので。美味しいものが食べたいぐらい、しかまだ決めてないです。
オペレーター: ちなみに何か<>こういう物が食べたいとか、逆に、こういう食って、こういった食材は、その苦手です、ですとか、そういった物はございますか？,カスタマー: 海の幸を食べたいなぁ、とは思っています。
オペレーター: なるほどなるほど。,カスタマー: 羊の肉が苦手なので、ジンギスカンは、NGで、
オペレーター: 札幌の、札幌じゃない、失礼いたしました、北海道のどの辺りのエリアに行くとかは、まだ決まってないという感じですかね？,カスタマー: そうですね、まだ、その辺りは決めていなくて、どうしようかなぁってとこです。
オペレーター: お店の雰囲気はどんな感じがよろしいとかってございますか、何か料亭みたいなところがいい、ですとか。,カスタマー: けっ綺麗めなとこよりも。港から、引き揚げたばっかりの。
オペレーター: なるほどなるほど。,カスタマー: 新鮮な魚介類が食べれるような、そんなところが、いいです。
オペレーター: それとも、もうちょっと観光スポットのほう見てみたいとか、ご希望はございますか？,カスタマー: そうですね、お昼と、夕飯の間けっこう時間が空くし、午前中もあるので。
オペレーター: ええ、ええ、うんうんうん。,カスタマー: 歩き回ったり、ついでにいい景色が、見れたりしたらいいなぁって思ってます。
オペレーター: な、いい景色というとやっぱ自然、スポット的な場所がよろしいですかね？,カスタマー: そうですね、自然か、あとは。北海道の、何か、歴史を感じたり、
オペレーター: なるほどなるほど。,カスタマー: そういうとこでもいいですね。
オペレーター: 北方民族資料館みたいな、ところですとか、そういった中ですと、興味ひかれる場所ってございますか？,カスタマー: 展望台って、存在を知らなかったので、ちょっと気になりますね。
オペレーター: ほかには何か。,カスタマー: あとけっこう、お土産を頼まれているので、お土産屋さん、品揃えのいいとことか、珍しい物があるとことか知りたいです。
オペレーター: 食べ物だったりとか、,カスタマー: ひとつは、沢山人に配れるような、おか、お菓子、お茶菓子類。
オペレーター: うん、ええ、ええ、ええ。,カスタマー: もうひとつは、クール便とかで、そのまま送れそうな海の幸、ですね、
オペレーター: お菓子ですとたとえば、洋菓子のような物がいいか、それとも、和菓子のようなものがいいかとか、ご希望はございますか？,カスタマー: できれば北海道限定の、お菓子で。そうですね、とくに和洋は考えていなかったので、
オペレーター: では、早速なんですけども、まずご旅行先伺ってもよろしいでしょうか？,カスタマー: 北海道行ってみたいなと思ってます。
オペレーター: 北海道に、時期はいつ頃か決めてますか？,カスタマー: そうですねー、初夏の頃がいいかなーと思ってす。
オペレーター: では、北海道、特に具体的になにかやりたいとか、こういったことしたいとか、って決められてますか？,カスタマー: そうですねー、北海道は実は何回か行ったことあって、今回は、うーんと、ぁそうですねー、道東というか、知床とか、あっちなんかの方とか、いいんじゃないかな、自然もあって、あのぁ、温泉なんかもあって、食べ物も美味しいんじゃないかなーなんて。
オペレーター: 滝とか好きですか？,カスタマー: ふふふ、好きかどうかはともかく、どんなもんだか、なんか特徴あるんだったら見てみたい気もしす。
オペレーター: 今回ってごめんなさい、お1人でしょうか？,カスタマー: 1人で行こうと思ってます。
オペレーター: 今回のご旅行はどういった感じのものを、ご希望されていますか？,カスタマー: ざっくりしてるんですけど。高原のほうに行って、きれいな景色が見れるような旅ができたらなあと思ってます。
オペレーター: お人数さまは何人ぐらいでご予定ですか？,カスタマー: じゃ、2人で。
オペレーター: 季節はいかがしましょう？,カスタマー: やっぱり夏で。
オペレーター: 特に、行きたいっていう場所とかってないですかね？,カスタマー: 日本のどこか、いいところがあれば。
オペレーター: 特に、み、見るとか遊ぶとかっていうの、見る、見る感じでよろしいですか？,カスタマー: 見るのが、見たいなあっていうのが。
オペレーター: いかがでしょうね？山に登るっていうような感じではないですかね？,カスタマー: 何でもいいんですけど、何でもっていうか、
オペレーター: はい。,カスタマー: 湖畔で何か食べたいですねー。
オペレーター: 蓼科です。,カスタマー: 蓼科ですね。おいしいおそばとか食べたいですね。
オペレーター: あとは、何か、甘いものとか食べますか？,カスタマー: 食べたいですねー。
オペレーター: と、今出てきたのケーキ屋さんがすごい多いんですけど。なん、なんでか。,カスタマー: じゃあ、ケーキに。エヘヘ。ケーキになり、乗り換えます。フフ。
オペレーター: 結構いろいろあるんですけど、和風なところと洋風なところでどちらがいいですか？,カスタマー: じゃあ、洋風できてるんで洋風でお願いします。
オペレーター: じゃあ、お風呂でちょっと汗を流して、お土産とかいかがですか？,カスタマー: お土産も買いたいですね。
オペレーター: 夕飯はいかがいたしますか？,カスタマー: 夕飯は、やっぱり洋風のもの食べたいですね。
オペレーター: もう行く方面だったりとか、地方とか、県とかってもう決まってますか？,カスタマー: 鹿児島で考えてます。
オペレーター: じゃあいつごろに行かれる感じですかね？,カスタマー: 冬ですね。
オペレーター: こちら、何人ぐらいで行かれるんですか？,カスタマー: 自分含めて友人と3人で。
オペレーター: 一応なんか、鹿児島県、でなんか、どこみてみたいとかー、そういうのってもう決まってます？,カスタマー: そうですね、とりあえず桜島は行きたいな、
オペレーター: 桜島、桜島というと、例えば、桜島でなんか見てみたいものとかがある感じですか、なんかやってみたいこととか。,カスタマー: そうですね、なんだろう、桜島のビジターセンター的なものがあれば行ってみたいですしー、あとはその周辺の、自然ですねどっちかっていうと、
オペレーター: 一応ビジターセンターに行って、桜島観光をするということですけど、ご飯とか、そういったものもお調べいたしますか？,カスタマー: そうですねー、でも、ご飯は市内とかでもいいですかね、
オペレーター: なんか特にこういうものが食べてみたいとか、こんな感じのお店に行ってみたいとかってあります？,カスタマー: そうですね、とー、とんか、黒豚のとんかつですかね<>、
オペレーター: 一点ちょっと注意していただきたいのがー、こちらは閉店日が水曜日となってますけどー、ご旅行行かれるのって土日とかですか？,カスタマー: 土日、そうですね、日曜日の予定です。
オペレーター: とんかつ専門店とかもありますね。,カスタマー: じゃあそっちではい。
オペレーター: どうですか、どっちが気になるとかありますか、なにか。,カスタマー: じゃあ、黒かつ亭で。
オペレーター: では、どうでしょう、今のところ、桜島に行くこととー、ご飯の食べる場所はだいたい決まったと思うんですけど、ほかなんか見てみたい場所ですとか、あとはなんかやてみたいことですとか、買い物したりとか、なんかあれば、お調べいたしますよ。,カスタマー: じゃそれじゃ工芸品の、そうですね、工房、見学もできて買えるようなところ、
オペレーター: あれですかね、結構、体験、作る体験みたいな、そういうものも興味ありますか？,カスタマー: そうです、体験は別にしなくてもいいかなー<>。
オペレーター: 工芸とガラス細工、工芸というか陶器みたいな、やつとガラス細工だと、どっちが興味あるとかってあります？,カスタマー: なんだ、そうですね、陶器の方で、
オペレーター: もうちょっと、つく、やっぱ、作るところ見たいって感じですか、,カスタマー: そうですね、作るところという、なんだろう、工房、そうです。
オペレーター: では、まず、今回、ご旅行の行先など、まず教えていただいてもいいですか？,カスタマー: そうですね、長崎の五島列島と、佐賀、大分、長崎を考えてます。
オペレーター: なんか、やりたいっていう形ですか？,カスタマー: どっちかというと、ちょっとゆっくりしたいので、風光明媚な観光名所というか、特に五島列島は行きたいんですよねー、五島列島でこう景色がいいところとかー、教えてもらうとありがたいでーす。
オペレーター: 五島列島、,カスタマー: 以前テレビで見て、すごい綺麗なとこだなまねえ、島がいっぱいあるらしいですけど、そのなかでもここ行ってみたいっていうのをちょっと探したいなあ。
オペレーター: これ関係ない、五島列島を見れるっていうところは、今、一件目出てきたんですけど、直接行きたい、五島列島に行きたいっていう形ですかね。,カスタマー: あーい。まずでも見てみたいですね、たぶん上から見るようなイメージですよね、それはね、そうやって。
オペレーター: 単純に五島列島ってことであれば、出てはくるんですが、単純に五島列島の島の場所が出てくる形なので。,カスタマー: 五島列島でもしちょ、海を見ながら温泉とかもし入れたらいいなあなんて思う<>。
オペレーター: これをもしかしたらどうなんだろう、九州全体とかに広げたら出てくるかもしれないんですけど。,カスタマー: なるほどなるほど、あとそうだなー、候補に<>大分も行ってみたいなあと思っててー、大分で、別府がうちの母が生家なので、ちょっとその辺回ってみたいなあと思うんですけど、なんか有名な温泉処、例えば湯布院とか別途辺りでー、おすすめの宿というか、温泉宿みたいなのって、ちょっと教えてもら<>。
オペレーター: 別府ですね、別府で、お調べして、ちょっと有名かどうかこちらでは分かりかねるんですが、あ、ちなみに、どういった、景色いいとかがいいとか。,カスタマー: やっぱ景色がよくて、<>食事もー地のものを使ってるところがいいですかねー、
オペレーター: そうですね、おそらくそうですね、で、こちら別府湾に、面してるので、別府湾が見えます、入ってるところから。,カスタマー: いいなあ、そこメモしてもらっていいですか<>、こちらも、お願いします。
オペレーター: じゃあ、今、ちゃんぽん、井出ちゃんぽんさんと、こちらの北浜温泉をメモしてるんですが、漏れってありました？今までの。,カスタマー: いなや、イナサワコウエン、稲佐山公園、最初の<>、稲佐山公園だっけ、五島列島が見える。
オペレーター: はい、はい、こちらじゃあ、<>っておいて、じゃあまた別府の方に戻って。,カスタマー: そうですね、そうだな、できればお寺というか、か神社で有名なところというか。
オペレーター: なるほど、なんだろうな、じゃあしゅ、出てこないな、歴史的な建物みたいな。,カスタマー: そうね、歴史的な建物があるという、大分県内で、はい。
オペレーター: そこが、行く時期って決まってますか？ちょ桜が咲く名所<>。,カスタマー: そうね、春、いいなーそれ、行ってみたいですねー、そこもメモしてもらっていいですか、<>大分のな、何市って分かります？
オペレーター: 一応こちらもー、展望台から、別府湾一望できるってなってます。,カスタマー: いいですね、あとねー、神社でー、僕は、御朱印集めるのが、今ちょっとハマってまして、面白いっていうとあれだけど、ちょと特色がある御朱印が欲しいんですよ、<>要は、なんだろう、こう、判子っていうか、<>参拝しましたよっていう、そういう<>なんですけど。
オペレーター: みそぎ、<>どうしましょう、これ一応<>、,カスタマー: これもメモしてもらっていいですか、メモしてもらっていいですか。
オペレーター: 五島列島で。,カスタマー: 何でも、やっぱ海の幸というか、できれば、できれば。
オペレーター: このなかでなんか特に気になったものってありますか？,カスタマー: 特に気になったもの、竹酔亭が気になりますねー、
オペレーター: 本日はご利用いただきまして、ありがとうございます、お客様どのようなご旅行をお考えでしょうか？,カスタマー: 東北に。行きたいなっていう風に考えております、
オペレーター: かしこまりました。お客様、一緒に行かれるご同行者様は何名様になりますか？,カスタマー: 4人になります。
オペレーター: かしこまりました。行かれる時期とかはお決まりでしょうか？,カスタマー: だいたい12月の終わり年末ぐらい。を予定しております。
オペレーター: かしこまりました。例えば、温泉でゆっくりしたいですとか、何か観光したいですとかそういったご要望はございますか？,カスタマー: 冬なので。観光は寒いかなって思うので。できれば温泉とかがあれば良いかなっていう思いもあります。
オペレーター: あとやはり何かりんごみたいな…りんごとかのお菓子とか、そういったものも買われたいですか？,カスタマー: お菓子とかでも、りんごそのもの<>りんごが美味しい特売所とかそういうのがあれば、
オペレーター: ありがとうございました、どういった内容になりますでしょうか？,カスタマー: 週末に、1泊旅行で温泉に行きたいと思ってるんですけどー。
オペレーター: 週末、もう、すぐのシーズンでしょうか、それとも春とか…,カスタマー: 来月、なんですけど。
オペレーター: どうでしょう、お客様？,カスタマー: やっぱり、この季節は雪見温泉がいいですね。
オペレーター: 雪見温泉いいですねー、雪見温泉ということはやっぱり北海道、東北地方でお調べするのがよろしいですかね？,カスタマー: 北海道がいいかなあっと思ってるんですけど
オペレーター: <>やっぱりー、北海道のような、北海道らしい自然をお楽しみいただきながらー、のほうがいいですかね。,カスタマー: 洞窟風呂とかあったら最高なんですけど。
オペレーター: <>なので、もしよろしければですね、この定山渓温泉のほうを候補の一つに入れられると<>,カスタマー: ぜひそうしてください。
オペレーター: ワイワイガヤガヤ的な感じは、ちょこっとあるかもしれませんね。,カスタマー: そこいいんですけど、できたらもうちょっとー、小規模なー、静かなところのほうがいいんですけどー。
オペレーター: で、お客様、それでも洞窟風呂はあったほうがよろしいでしょうか、それとも静かな場所ご優先で、,カスタマー: どちらかというと、静かな方優先で、お願いします。
オペレーター: それと、例えば札幌ラーメンだとどちらがよろしいでしょうか？,カスタマー: せっかくだから札幌ラーメンかな？
オペレーター: では、お客様、あとー、お買い物等はいかがですか？お土産とか買わない…<>？,カスタマー: それはー、帰る前にー、市内でー、空港でもいいしー、そんなに時間使おうとは思ってないんで。
オペレーター: ご旅行の方なんですけども、どちらの方面に、いつぐらいの時期に行きたいと思ってらっしゃいますか？,カスタマー: に、新潟県の。新潟県の。越後湯沢ってところ。
オペレーター: 越後湯沢では、どういったことをされたいですか？,カスタマー: えー、絵画展を見に行く。友人と行く、行こうかなと思ってるんですけど。
オペレーター: 和食とか洋食とか、なにか、ご要望はありますか？,カスタマー: そうだね。和食がいいかな。
オペレーター: 春。,カスタマー: だ、だ、温泉もね、割と有名って聞いたんで。有名っていうか、それも行きたいかなっていう、だから、
オペレーター: あとは、お鍋であったりとか。,カスタマー: お鍋ね。いや、お鍋がいいかな、やっぱりな。
オペレーター: お客さま、どのようなご旅行をお考えでしょうか？,カスタマー: 冬に。北海道に、1人で、1日使って。観光をしに行きたいと思ってます。
オペレーター: かしこまりました。冬にですね、,カスタマー: はい。
オペレーター: 北海道へ、お一人さまですね？,カスタマー: はい。
オペレーター: そういったご要望はございますか？,カスタマー: 一応、札幌辺りで考えてますね。
オペレーター: 札幌で、何か観光したいとか、そういったご要望でよろしいですか？,カスタマー: そうですね。
オペレーター: 博物館とか、ご興味ございますか？,カスタマー: 今まで見たことなかったので、寄ってみようかなと思います。
オペレーター: で、こちら。,カスタマー: これ、月曜日で考えてたんで。
オペレーター: あと、他に、札幌以外で何かどこか、ご興味ある場所とかございますか？,カスタマー: お買い物したいと思うんですけど。
オペレーター: かしこまり…。,カスタマー: 洋服。
オペレーター: 例えばなんですけれども、ショッピングセンターみたいなところがよろしいですかね？,カスタマー: アパレル系が集まってるような。お店だと助かります。
オペレーター: 大変便利なところでございますね。,カスタマー: じゃ、べ、じゃあ、お昼。そこで札幌ラーメン食べて。お昼過ぎに買い物しようと思います。
オペレーター: こちらでお土産を買わ、買われてもよろしいかと思います。,カスタマー: できたら帰る直前がいいんで。
オペレーター: カニ、カニ料理はお好きですか？,カスタマー: 好きですね。
オペレーター: 温泉施設で食べる、で探したほうがよろしいですかね？,カスタマー: いったん外に出<>と。寒いんで。
オペレーター: あと他に何か、何か見てみたいですとか、買いたいものとか、そういったご要望はございますか？,カスタマー: お昼買い物した後に、時間があれば。動物が好きなんで。動物、見れるところがあれば、寄ろうかなと思います。
オペレーター: ご興味ございますか？,カスタマー: そこに行きたいです。
オペレーター: も楽しめることができます。,カスタマー: じゃあ、さっきの所で良さそうですね。
オペレーター: こちらのほうが、,カスタマー: あそこにします。
オペレーター: よろしいかと思うんです。,カスタマー: そこに、行きますね。1個目の所より良かったんで。
オペレーター: ではお客様、今回のご旅行のなんか行き先だったりとかは、なんかもく、こういうことがしたいとか、なんか目的のようなものってもうお決まりでしょうか？,カスタマー: 特にですね、行き先からご相談させていただきたかったんですが。まずー、目的はー、もう明確でしてー。日本酒が好きなもんですから。
オペレーター: 日本酒ですね。,カスタマー: 飲み比べ…飲み歩き…と。
オペレーター: なるほど。,カスタマー: あと、ある程度ですね、宅急便で、同じく日本酒仲間の友人に、そっから送ってやりたいと。と思ってまして。それも、ゆ…有名な酒処だけとは限らず、ちょっとそうじゃないけど結構ツウは唸るというようなエリアがあれば、ちょっとお調べいただけたらなと思ってます。
オペレーター: 例えば日本酒を飲まれるということですけど、居酒屋で飲むというよりは、例えば酒造とかに行ってみたりとか、そういった感じの方がよろしいですかね？,カスタマー: 是非それ…とですね、あと、ちょ、ちょっと、もうひとつ、付け加えさせていただきますと。必ずしもですね、だい、大吟醸のような、最高級のものじゃなくてですね。大吟醸じゃないのに、根強い人気を維持してるというような。じゅ、純米であることは、最低条件ですけど。
オペレーター: なるほど。,カスタマー: 必ずしも大吟醸だから嬉しいというのではない、ということで、ちょっと情報をいただければと思ってます。
オペレーター: あとー、,カスタマー: できれば、あとはー、そのお酒とー、一緒にちょっと食べて美味しいものがあるという所だと、嬉しさが倍増するんで。
オペレーター: 楽しそう、そうですよね。,カスタマー: それも、い、一緒に、て、提案いただければありがたいです。
オペレーター: やっぱりちょっとあまりち、東京関東圏からちょっと離れてるところとかの方がほうが、いいですかね？,カスタマー: やっぱり旅行気分味わいたいですね。埼玉に住んでますので、あんまり埼玉のお酒で旅行気分はちょっと無理かな…。
オペレーター: ンフフ、そうですよね。日帰りで行けちゃいますもんね、埼玉でしたら。,カスタマー: 仲間に送っても多分、ありがたがってくれないと思うんで。ちょ、ちょっと珍しいところ。
オペレーター: では、まず、じゃあ、き、行くエリアは、じゃあ、秋田市の方に行くという感じでよろしいでしょうか？,カスタマー: すいません、こ、ここですね、せっかく調べていただいたんですけど、別の、観点でも教えていただきたいんですけど。せっかくなのでですね、酒処の福島…の、この支援もしたい…復興支援という意味も考えて、福島でもいいとこがあればですね。
オペレーター: じゃ、こちらが<>、,カスタマー: これは先ほどの、た、高清水みたいに、ほ、本当の酒蔵をこう観光施設化したとかそういうものではないんですか？
オペレーター: もう…内陸ですね、完全に。,カスタマー: としますとですねー、せっかくお調べいただいたんですけど、このー、福島も捨てがたいんですけど。やはり海に面した秋田で。でー、かい、海産物と一緒に、というほうが、魅力的かな。
オペレーター: そしたらじゃあやっぱり、秋田県で…。,カスタマー: うん、だからやっぱり秋田のコース。
オペレーター: 秋田コースで探していきましょうか？,カスタマー: 高清水と飲み比べられる別の蔵のようなものがあったらふた、ふたつみっつ、み、みんな巡りたいなーって感じですね。
オペレーター: ちなみに季節はいつ頃行くっていうのは決まっていらっしゃるんでしたっけ？,カスタマー: えっとですね、ぜ、もう、ど、どうせならやっぱり、し、新酒が出る、冬、冬…。
オペレーター: では今のところ2件、酒造を回ることがとりあえず決まったと思うんですけど、他なにか秋田県で見たいものでしたりとか、やってみたいこととかって。,カスタマー: 今は酒蔵の視点でお調べいただいたんですが。やっぱりそこら、秋田の海沿い近辺で、おそらく、ちゃ、ちゃんとしたお料理のお店なら、もう鳥海山も高清水も全部出してくれると思うんで…、な、なんか、いいお店があればですね、お酒と一緒にちょっと堪能したいなと思ってます。
オペレーター: それ以外ですと、地鶏とかも有名みたいですね。,カスタマー: た、ただひとつですね、鶏出汁とかで、あのきりたんぽ鍋ですね、ゆ、有名なんですけどー。私ですね、お、おな、お鍋でお腹膨らますのがちょっと、お、日本酒と飲む時あんまり嫌なんで。
オペレーター: なるほど、なるほど。,カスタマー: な、鍋じゃない…もので日本酒を楽しみたいと思ってますんで。き、きりたんぽ以外のところを、お知らせいただければなと。
オペレーター: ぎょ、そういえば魚介鍋みたいなのもちょっと違いますもんね。,カスタマー: 鍋じゃないのにしていただければ、嬉しいんで。
オペレーター: 両方ある店、おさ、お刺身とかもあったりー、おそらくこれ地鶏かな、地鶏の肉じゃがみたいなものとか、そういうちょっとツマミに良さそうなものがたくさんあるお店とかも、見つかってますね。,カスタマー: できればですね、魚ひと筋とか、鶏ひと筋とか、専門店の方がなんか、すごそうな感じがするので、そっちの方が。
オペレーター: ではせっかくですんで、やっぱ海鮮に特化したお店とかも気になりますよね。,カスタマー: そうですね。お昼は親子丼にしてですね。ちょっと夜は本格的に飲みたいんで。か、海鮮…かなんかゆ、ちょっとゆったりできるお店があれば是非、ご紹介いただきたいです。
オペレーター: 確かに。,カスタマー: も、な、も、な、鍋しかやってませんっていう店だけは避けていただければ、もう普通の刺身で一杯やりたいなと思ってますんで。
オペレーター: 他にはですね、やっぱ一応、海鮮丼みたいな感じで売ってるお店が結構出てきてますね。,カスタマー: できればねー、よ、夜はー、お米は入れずに…
オペレーター: ほんと、お酒と魚介類だけでって感じが、いいですよね。,カスタマー: お酒がお米代わりにして。
オペレーター: お客様、どのようなご旅行をお考えでしょうか?,カスタマー: この冬に、親孝行じゃないですけれども。両親を連れて、東北に行ってみたいと思いまして。
オペレーター: 東北のどちらかとゆーと、場所はお決まりですか?,カスタマー: 一応、仙台とその周辺辺りがいいかなって、漠然と思っているんですけれども。
オペレーター: ご要望はございますか?,カスタマー: もちろん、今回、若松も考えたんですけど。色々そーゆー話をしてくれた思い出があるんで、そしたら、仙台の方がいいのかなと、イメージして、
オペレーター: そうしましたら、仙台で、もう少しどこか、観て楽しめるようなところを探してみましょうか?,カスタマー: 少し時もあるので、もしあれだったら、仙台がわりと近いとこで。もし、市内にもし、限らなくても、乗り物、楽しみながら。
オペレーター: そうですね。,カスタマー: わりと近い、近場で、他に、周辺があればなーなんてことも思うんですけどもね、
オペレーター: そうですね、ただいまお調べいたしますので、少々お待ちください。,カスタマー: 仙台駅とかって、よくNHKのニュースなんかでも写るじゃないですか?ははは、
オペレーター: そうですねー。,カスタマー: 見たことのある風景みたいのじゃなくて、ふ。ちょっと違った風景が見れると、なんだ、いや、兼六園じゃないけど、だから、そーゆーお庭が綺麗、観光用の。観光用まで言わないけど。城下町だったら、そーゆーとこ、ありますかね?
オペレーター: お客様、どのようなご旅行をご希望でしょうか？,カスタマー: 京都に旅行に行きたいんですけれども。
オペレーター: はい。お客様、ご同行者様は何名様ですか？,カスタマー: 2名です。
オペレーター: 2名様ですね。いつ頃の、ご、ご旅行の予定ですか？,カスタマー: 秋頃に、旅行したいです。
オペレーター: お客様、京都に行かれまして、何か見てみたいですとか、そういったご要望はございますか？,カスタマー: 紅葉を見に行きたいんですけれども。
オペレーター: かしこまりました。すいません、お客様の方で、京都に行かれまして、何か見てみたいですとか、食べてみたいですとか、そういったご要望はございますか？,カスタマー: おしゃれなカフェ巡りに。行きたいと思ってます。
オペレーター: あとお客様、何か京都で、見てみたいですとか、行ってみたい観光地ですとか、そういったご要望はございますか？,カスタマー: とー、世界遺産とっかとか、名勝を巡りたいんですけれども。
オペレーター: 他に、じゃあ、見てみたいところで、何か他にございますか？,カスタマー: 和菓子作りだとか、そういう自分で何か体験できること<>も。
オペレーター: で、あとですね、こちらでお勧めできるところとして。お客様の方で何かご要望とかございますか？,カスタマー: なにかを。
オペレーター: 食べて…,カスタマー: 和菓子で美味しそうな、お店があれば知りたい<>。<>、
オペレーター: あと、お客様の方で何か見てみたいですとか、か、買いたいものですとか、ご要望はございますか？,カスタマー: ほかに、食べ…もので、美味しいお店があれば。
オペレーター: お客様、何か和食ですとか、何かそういった、ご要望はございますか？,カスタマー: 和食で、美味しいお店が、
オペレーター: 何かご要望はございますか？,カスタマー: お肉料理で。
オペレーター: ありがとうございます、ではお客様どういったご旅行をなさりたいか何かアイデアございますか？,カスタマー: 滝を見て、できれば近づけだけ近づいてー、マイナスイオンっていうか、こう、しぶきがかかるようなところまで、<>認められたところまで行って、なんかこうマイナスイオンを浴びて癒されたいなと。
オペレーター: かしこまりました、ではですね、こちら日本全国に滝ございますので、どのあたりがよいとか、なんらかのざっくりとした場所の感じでですね、ご希望をお聞かせいただけるとありがたいんですけれども、例えば北海道がいいとか、東北がいいとか、関東がいいとか、いかがでしょうか？,カスタマー: そうですね、東北地方あたりで、なんかいいものがあれば。
オペレーター: こちらご旅行なさるのは春とか夏とか秋とか、そういった季節ですか？,カスタマー: 初夏から夏にかけて、冬だとちょっと寒いかなと思うので。
オペレーター: ではどうしましょう、やっぱりまず美味しそうなお食事を探してみますか、それともなんか見る場所をもう一個見つけておきますか。,カスタマー: じゃあ見るものをもう一つ、
オペレーター: どうしましょう、滝をご覧になるわけですけれども、ほかにも何か自然のものがよろしいですか。,カスタマー: 滝にはこだわらず、<>森とか<>またマイナスイオンぷうなっちゃうんですけど、森の<>心を癒すとか、綺麗な<>を見るとか、そんな<>散策みたいな感じ。
オペレーター: では、滝を見てー、この菅家庭園、お庭を見てですね、どうしましょう、もう一箇所くらい見る場所を探すか、あるいはお食事の方に移りますか？,カスタマー: じゃ食事の方に移ります、
オペレーター: かしこまりました、ではお客様どういったお食事が良いでしょう、さっきの話だと美味しいお米をお召し上がりになりたいということだったんですけれども。,カスタマー: お米、美味しいお米を食べてみたいです。
オペレーター: となった場合に、お客様お魚は苦手とかお寿司は苦手とかっていうのはございませんか？,カスタマー: ないです、むしろ好きです、むしろご飯を食べるならお魚ですよね、
オペレーター: 左様でございますか、こちらお寿司ですと、この寿司割烹鈴政さんっていうんですけれどもー、この鈴政がおすすめかなあという感じでー、あとどうでしょう、もっと別のジャンルのお魚、そういったものもお好みですか、あるいは、例えば、とんかつとか野菜とかそういったのもあるんですね。,カスタマー: ただ、お寿司は、お寿司も食べたいんですけど、<>山形の美味しい米を食べるとなるとお寿司になっちゃうと、すし飯<>思うので、だからもし食べるとしたらお寿司は夜に回して、お昼はご飯っていうかたち、ご飯っていうかたちにーお魚、焼き魚だとかお刺身とかそういうタイプのお店ってありますかね。
オペレーター: どうでしょう、洋風のデザート、あるいは和風の饅頭のような感じの場所、どういったものかご希望ございますか？,カスタマー: できればお茶にあうなんかわ、和菓子っていうかお饅頭とかそういう系がいいです。
オペレーター: どちらか,カスタマー: やっぱり米どころってことは、たぶん日本酒も美味しいと思うのでー、お酒のお土産を買えるところがあればと思ったんですけど。
オペレーター: では、おきゃ、おそらくですね、お客様のーご要望に最も近いものは、お酒を専門的に扱っている、酒造さんのようなところ、あるいはもっと総合的なー、お土産センターのようなところ、その2パターンがあるかと思うんですけども、お客様いかがでしょう、酒造のようなところが良いか、あるいは。,カスタマー: 酒造、やっぱりセンターだとデパートと買うのと同じになっちゃうイメージがどうしてもしちゃうので、酒造のところに行って、ちょっとおすすめのなんか一本を買いたいなと思います。
オペレーター: ありがとうございます。ご旅行はどういった、ご、も、ものをご希望ですか。,カスタマー: 特に場所とかは、決まってないんですけど。とにかくおいしい魚が食べたくて、ヘヘ。お魚ですか。い…。あと。
オペレーター: お魚ですか。い…。あと。,カスタマー: ゆっくりできたらいいなと思ってるんですけど。
オペレーター: 何人さまくらいで行かれますか。,カスタマー: 1人でもいいかなと、
オペレーター: 季節とかは特にないですか。,カスタマー: そうね、お魚がおいしければ。ハッハ。
オペレーター: 嫌いなものとかってありますか。食べられないとか。,カスタマー: カニはいらないかな、<>に。
オペレーター: ウフフ。,カスタマー: カキは食べたいですね。
オペレーター: 焼きガキとか生ガキとか、いかがですか。,カスタマー: カキ以外もあるんですよね？<>。
オペレーター: サンマとかも。9月から10月はサンマと書かれているんですけれども。,カスタマー: サンマもいいですね、
オペレーター: 違うほうがいいですか。,カスタマー: このカキは北海道で取れたカキなんですか。
オペレーター: 近くで取れたものですね。,カスタマー: 温泉がありますか。フッ。
オペレーター: いうので選べると思うんですけども、すごい日帰り。,カスタマー: それって、すいません、その辺りで、例えば温泉によって泉質が違うとか、なんか効能が違うとかなんか、あるんで。
オペレーター: あとは近くですと…立ち寄り湯のほうがいいですよね？,カスタマー: せっかくだから、ちょっとはしごしたり。できませんかね？
オペレーター: やっぱり北海道は、やめと…。,カスタマー: いや、なくてもいいかなっていう気が、ハハ、します。
オペレーター: 他の温泉地も見てみますか。,カスタマー: そうですね。
オペレーター: と、群馬県辺りですと、温泉あり…、いかがですか。,カスタマー: 伊香保とか、
オペレーター: やはり海鮮となりますと山の中なので、出てこないんですけれども。,カスタマー: あれは？すいません、東北のほうはどうですか。
オペレーター: 少々お待ちください。,カスタマー: い、岩手とか、秋田とか、ハハ。あっちのほうで、お魚が良くて。
オペレーター: 八戸を食べよう！ことぶき庵、こちらを一応、チェックさせていただきますね。,カスタマー: はい。
オペレーター: こちらの近いほうにしておきますか。,カスタマー: そうですね。そのほうがよさそう。
オペレーター: では、アンテナショップのほう、青森県ふるさと食品振興会アンテナショップ八戸店をチェックしておきますね。,カスタマー: はい。
オペレーター: 観光地みたいなところとか、お探しすることはできますけれども。,カスタマー: もし、徒歩でふらっと行けそうなところがあったら。
オペレーター: お昼間の時間に遊べる。,カスタマー: 昼だったら乗りたいな、
オペレーター: そうですね。,カスタマー: その季節に行ってもいいかも。
オペレーター: ありがとうございます。行きたい場所とかって、もう決まってらっしゃいますか？,カスタマー: いやそれが、北海道ってだ<>結構いろいろ行く場所があるので、どこにしようかっていうのは結構悩んでてー。
オペレーター: ちなみに、行かれるご予定の季節とかって、いつになりますか？,カスタマー: 夏休みーに、ちょっと北海道に住んでいる友達のとこに遊びに行こうかと思ってるんですけど。
オペレーター: ちなみに北海道に行ってー、やってみたいことだったり、食べてみたいものとか、そういった候補とかってー、今のところございますか？,カスタマー: やってみたい...他にも見てみたいんですけど、1個絶対やりたいのがー、川下り？
オペレーター: 川下り。,カスタマー: 北海道でできるって聞いてー。
オペレーター: あーそー、はいはいはい。,カスタマー: <>してみたいなって、思ってるんですけど。
オペレーター: 一応ラフティングされるという、川下りされるということですが、他なんかやってみたいこととかー、なんか思いついたりします？,カスタマー: はい、他…北海道ですよね、真っ白…友達は結構鳥とか見るのが好きなんでー、自然、動物が観察できる所だったらいいかなー、って
オペレーター: 何が食べたいかとか、どういうものが食べてみたいとかって、ありますか？,カスタマー: せっかく北海道行くんで、魚介類食べたいなーとか思うんですけど。
オペレーター: 刺身の盛り合わせ的なやつとか、それとも海鮮丼みたいなやつとかー、鍋とか、,カスタマー: でも、刺し身ー、とか、カニとか食べたくて。
オペレーター: 記載されてるんで、おそらくあるんじゃないかなー、と思います。,カスタマー: <>カニ食べたいです
オペレーター: で、夜はカニで、お昼、どんなものがご希望とかって…,カスタマー: お昼はー、洋食で軽めに食べたいんですけどー。
オペレーター: やっぱー、夜は魚介なので違うほうがいいですかね、昼はお肉だったりとか。,カスタマー: そうですね、お肉とか野菜とか。
オペレーター: どういったご旅行をご希望ですか？,カスタマー: 実際に色々行ってみたいなと思ってまして。
オペレーター: 場所とかは何かありますか？,カスタマー: 場所は特にないんですけど、なんか明治から昭和ぐらいの。古い建築物、西洋館みたいな。やつとか、そういったものに行ってみたいんですけども。
オペレーター: 北海道大学の中の植物園みたいな感じなんですけれども,カスタマー: こういったのはいかがですか？もっと
オペレーター: こういったのはいかがですか？もっと,カスタマー: どっちかというと建物が見たいんですけども。
オペレーター: 季節、季節的にはどれくらいの季節がよろしいですか？,カスタマー: 季節はそうですね、秋。から。
オペレーター: 今関東のほうで見てるんですけれども。,カスタマー: もう日本全国。どこでもいいんですけど。
オペレーター: いかがですか？,カスタマー: どっちかっていうと、和風より洋風の建築を見たいんで。
オペレーター: 福岡と出てこないんですけども。,カスタマー: 違う地方、関西地方とかどうですか。
オペレーター: 天満宮が,カスタマー: 天満宮じゃなくて、洋風の、西洋風の建築物を。
オペレーター: 少々お待ち下さい。,カスタマー: 見たいんですけども。
オペレーター: 建築物。,カスタマー: で、明治から昭和ぐらいの。
オペレーター: 違いますか？,カスタマー: あの、なんだ、横浜の山手の西洋館みたいなのあります？
オペレーター: あー。,カスタマー: ああいう感じの見たいんですけども。
オペレーター: 近畿でですよね？,カスタマー: 近畿の辺で。
オペレーター: うろこの家一応リストにあげてみますか？,カスタマー: 神戸近辺で。
オペレーター: もっと見たいとかってございますか？,カスタマー: ステーキとか。牛肉、肉っぽいもの。
オペレーター: そうですね、温泉がある近くですね。,カスタマー: じゃあ温泉に入って、その近くでなんか。美味しいもの食べたいんですけど。
オペレーター: 夕飯だけっていうのはなんかなさそうなんですけど。,カスタマー: じゃあ日帰り温泉とか。
オペレーター: こちらはいかがですか？,カスタマー: あ、あの有馬温泉に行ってみたいんですけど。
オペレーター: 和食のほうがよろしいですよね？,カスタマー: そうですね、昼ステーキ食べてるので。
オペレーター: そうですよね。,カスタマー: それ以外で、和食じゃなくてもいいですけど。
オペレーター: 本日はご利用いただきましてありがとうございます。お客様、どのようなご旅行をお考えでしょうか？,カスタマー: 秋に東北旅行に行きたいなと思っていて。友達3人くらいと行きたいなと思ってます。
オペレーター: お客様、東北地方の、どの辺りに行かれたいかとかそういったご要望はございますか？,カスタマー: 東北地方に一回も行ったことがないので、東北といえばみたいなメインの名物みたいな所にいければいいなって思います。
オペレーター: 本日はどのようなご旅行をご希望でいらっしゃいますでしょうか？,カスタマー: 神奈川県を見てまわりたいと思っていて、有名な観光地まわりたいなと思ってるんですけど。
オペレーター: 承知しました、季節とかなにかご希望ございますか？,カスタマー: 季節は夏に行こうかなと思ってます。
オペレーター: 神奈川県ですと、神奈川県だと、美術館とかが多いんですけれども。,カスタマー: いいですね、美術館。
オペレーター: 美術館とか、あとこの彫刻を見るとか、どちらがいいですかね？,カスタマー: 絵よりも彫刻の方がとりあえず見たいかなぁとは思います。
オペレーター: 駅からとても近いです。,カスタマー: じゃあとりあえずそこに最初に行こうかなと思います。
オペレーター: ではジョイナス森の、彫刻公園をチェックしておきますね。,カスタマー: お願いしまーす。
オペレーター: あとはなにか見たいものとかございますか？,カスタマー: そこから、そんなに遠く、遠くてもいいんですけれども、なんか、彫刻を見たので、やっぱりさっき言っていたような絵とかをもうちょっと見たいなーって思うんですけれども、美術館とかそういうのがありますかね。
オペレーター: 距離としては、駅、横浜駅、駅の東口から徒歩で3分でございます。,カスタマー: そうしましたら、じゃあそ、さっき行った彫刻の展示とよ、合わせて見に行きたいなと思います。
オペレーター: じゃあこちらもチェック入れておきますね。,カスタマー: お願いします。
オペレーター: お食事とか合わせていかがでしょうか？,カスタマー: その2つをゆっくり見てわった後に、たぶん昼食かなっていうイメージが今あるんですけど。今回1人で巡ろうかと思っていて、1人でも入りやすそうな、あんまり敷居が高くなさそうな、和食のお店があったらいいなと思うんですけども、
オペレーター: もうちょっと探してみますか？,カスタマー: じゃ一応そこキープというか、一応ー置いておいて、もう1件くらいなにかあれば、
オペレーター: お蕎麦っていいますと、和風のお蕎麦がよろしいですかね？,カスタマー: 日本蕎麦がいいかなとは思います。
オペレーター: 美味しそうですよとても、写真は。,カスタマー: でも、今回はぁこう、行ったことないとこに行きたいっていうのがあるので、やっぱり1件目のお店、紹介していただいたお店に昼食はそこにしようかなって思いす。
オペレーター: では他になにかご覧になりたいものとか行ってみたいところとかございますでしょうか？,カスタマー: やっぱりーその日は美術館とかそういうのを巡りたいと思っていて、で今回デパートに入って、百貨店とかに入ってるギャラリーを教えていただいたと思うんですけど、単館で、そ、そのものが建ってる美術館とかって近くにあったりしますかね？
オペレーター: いかがですか？,カスタマー: ぜひそこじゃあ気になるんで、行きたいと思います。
オペレーター: はは、ここを入れておきますねー。,カスタマー: お願いします。
オペレーター: あとはー、岡本太郎の美術館とかもございますが、お好きですか？,カスタマー: 岡本太郎すごい好きなのでぜひ気になるんで情報が知りたいですねー。
オペレーター: じゃあこちらチェック入れておきますね。,カスタマー: お願いしまーす。
オペレーター: あとはお土産とか見たい買いたいというのはありますか？あともう少し美術館とかご案内いたしますか？,カスタマー: 結構岡本太郎美術館たっぷりみたいと思うので、もう美術館とかは、大丈夫です。強いて言えば、休憩できるような場所とかがあったらいいかなと思うんですけれども。
オペレーター: 承知しました、探してみますね。,カスタマー: 公園とか喫茶店とかそんな感じの、どっちでもいいんですけどそんなところがあったらいいかなとはぼんやり思ってます。
オペレーター: たぶん大学構内なら、緑とかも多そうですので、,カスタマー: じゃあ一応そこはなんていうんですかねリストがあるのかわかんないんですけど、そういうリストに加えといてもらえたら嬉しいなと思います。
オペレーター: そーなんですね。,カスタマー: とりあえず、綺麗な景色が、観られればなーと思ってます。
オペレーター: 綺麗な景色といいますと、<>自然の絶景みたいな、そーいったイメージでしょーか？,カスタマー: なるべく、癒されるよーな、自然を感じられる。
オペレーター: なるほど。,カスタマー: そんな場所がいいです。
オペレーター: ない感じですかね？,カスタマー: なるべく、星空が綺麗なところ。で、考えてるんで、そーすると山があるよーな県の方がいいんですかね？
オペレーター: 例えば、東北地方でしたりとか、あと、中部地方なんかでしたら、どちらがいいとかございますか？,カスタマー: 中部地方は、結構、イメージしやすいんで、東北地方、知りたいですね。
オペレーター: どーでしょー、一応、青森県で、色々、探していきますか？それとも、他のエリアに移動するとか、そーゆー選択肢もあると思うんですけど。,カスタマー: 他のエリアも、気になるかなって思います。
オペレーター: ちなみに、お食事は、お好き嫌いはございますか？,カスタマー: 全く、ただ、すごく辛いものが苦手で、それだけ<>れば。
オペレーター: ジンギスカンとか、お好きですか？,カスタマー: はい、ジンギスカン食べることもあるんで、もし、有名だったら食べてみたいですね。
オペレーター: お鍋でしたりとか、そーゆー豚料理ですかね、豚系の料理と、ジンギスカン。,カスタマー: ジンギスカン、ちょっと気になるんで、知りたいです。
オペレーター: 何か、ご希望はございますか？,カスタマー: 東北地方で。体験ができるよーな。
オペレーター: 体験。,カスタマー: なんてゆーんだろ、焼き物の体験とか。
オペレーター: なるほど、,カスタマー: あーゆー感じで、陶芸とか、
オペレーター: 陶芸、陶芸とか。,カスタマー: そーゆーのがあれば、教室ってゆーんですかね。
オペレーター: 今回はどのようなご旅行をご、ご予定してますか？,カスタマー: 母と二人で―、北海道に行きたいなーと思ってまして。
オペレーター: 季節とか決まってますか？,カスタマー: 季節が、夏休みぐらいですかね。まだ、だいたいなんですけど。
オペレーター: 承知しました。,カスタマー: 7月、8月辺りで。
オペレーター: 北海道はー、どちらの方がー、どの辺ってゆーか、何か見たい食べたいとか、ありますか？,カスタマー: 札幌―いってー、あとはー、その近く、とかバスでとかで行けるよーなー、観光地、自然ーみたいなの、例えばラベンダー畑とか、そういうのとか、見れればいいなーってゆう。
オペレーター: ラベンダーがー、有名なのは、富良野のー公園が出てきてしまっているんですけれども、札幌からは離れているんですが、富良野も、いかがですかー？,カスタマー: 富良野行ってみたいんですよねー。ほんとにー。
オペレーター: へへへー。,カスタマー: やっぱ、何日とかーで分けて富良野とか行ってみようかなって思う。
オペレーター: さっきのワインの所も気になりますが、お風呂とかは別に入らなくて結構ですか？,カスタマー: いやーお風呂、出来れば入りたいーです。温泉とかあればいいなーって思っててー
オペレーター: 和風な感じと―、洋風な感じ、プールみたいなんもあるのと、どちらがよろしいですかねー。,カスタマー: 和風な感じがいいです。
オペレーター: あと、足湯とかがある所もあるんですが、体全身入った方がー。,カスタマー: 全身がいいです。
オペレーター: 全身がいいです。,カスタマー: 出来れば。
オペレーター: あとはですねー、なにか、お食事とかー、食べたいですかー？,カスタマー: 蟹が食べたいです。
オペレーター: 蟹料理、へへ、少々お待ち下さーい。,カスタマー: それか、海鮮丼が…別の日に海鮮丼とかでもいいですけど。海鮮丼ーも食べたいですねぇ。
オペレーター: 一応蟹でー、,カスタマー: 蟹で、お願いします。
オペレーター: お寿司し…。,カスタマー: 蟹料理がいいです。例えば、蟹のから揚げとか蟹のー天ぷらとか。
オペレーター: 工場でございますかー？,カスタマー: 北海道ってすごいー、いろんなの、物生産してるじゃないですか。お菓子とか―、ビールとかー、そうゆうなんか工場見学みたいなの、出来るとこって、工場見学とかー。
オペレーター: お醤油、こちらお醤油も作ってるみたいなんですけれども、例えば、お酒が好きであれば日本酒であったりとか、ワインが好きであればワインであったりとかー、あとはお醤油であったりとかミルクであったりとか、ってゆう感じなんですけれども、どういったものがお好きですかー？,カスタマー: あんまりー、ワインを―、母も私も飲まないので―。
オペレーター: <>,カスタマー: なのでー、ミルクとかで、お土産とかにー、そーゆー、おっ菓子みたいなのと買えたらいいなと思うので―。そういうミルク系の工場行こうかなって思います。
オペレーター: お土産とかー、他にーお店見てみますか？,カスタマー: 甘い物、スイーツ系の。お土産ー。
オペレーター: それはー、和食ー、和、風ーと洋風と、どちらがよろしいですか？,カスタマー: 洋風ですね。
オペレーター: 分かりましたー。,カスタマー: し、いろいろ、行ってみたいなって、はい。
オペレーター: ラーメンでございますか？,カスタマー: 味噌ラーメンが、食べたいなーって、思って。
オペレーター: 一応ですね、夕飯の方はいかが致しますか？,カスタマー: 夕飯、さっき言った蟹の方で、お願いしたいので。
オペレーター: ハイランドふらのでお風呂に、あに、お、行きましてー、お風呂に入りまして―、すすきのの天然温泉、をに、立ち寄りまして―、雪印メグミルクの、酪農の、乳の歴史館で、工場見学をしまして、だいもの、大丸札幌売り場の食品フロアーほっぺタウンで、お買物して、であと、北…菓子、おろ、あう、ほっかし、ホッカ、ロウで、い、札幌エスタ店に、行きまして、ラーメンの青竜、札幌蟹本店でお夕食って形でよろしいでしょうか？,カスタマー: 最初のー富良野1回キャンセルでもいいですかー？
オペレーター: よろしくお願いしますありがとうございます。ではお客様、どういったご旅行をお考えでしょうか,カスタマー: 今朝ドラ、朝ドラの影響で、おお<>に行ってみたくて
オペレーター: おお<>に行ってみたくて,カスタマー: 広いと思うので、どう、道頓堀でおいしいものたくさん、これでもかっていうくらい食べたいかなって<>と思うんですけど
オペレーター: いろいろ,カスタマー: 食いだ、食い倒れ
オペレーター: 食べるところですねー、ではお客様どうしましょう、和食洋食麺類、外国料理、いろいろありますよ、粉物も,カスタマー: 大阪<>ジャンクフードというか粉物で
オペレーター: すごい美味しそうです,カスタマー: すみません、りょ、両方でお願いします
オペレーター: 両方がよろしいですか、かしこまりました。両方食べれるお店がよいか、あるいはお好み焼きはお好み焼き、たこ焼きはたこ焼きでお召し上がりになりますか？,カスタマー: そうですね、後者の方で時間はたっぷりあるので、まずたこ焼きから、行ってからの別の<>お好み焼き、
オペレーター: お客様、どちらがよろしいですかね？,カスタマー: そうですね、まず基本のエントリーナンバー2を、<>堪能してからの、<>じゃ、邪道というか変わり種<>に行くってのもありですかね？
オペレーター: どういったお好み焼きがお好きですか？,カスタマー: お願いします、そうです、たこやき作戦と同じような感じで、まずは基本のそういう<>とかそういう基本系を堪能してからの、<>冒険、チャレンジャーとして冒険もしてみたいかなという感じで
オペレーター: 違うジャンルの食べ物でもいいかと思いますよ,カスタマー: そうですね、いまいまお話しの途中でワードとして出てきたんですけども、鉄板焼きという言葉がワードがでてきたので、チボウでお好み焼き系をしっかりマスターしたあとに、鉄板焼きで、チボウではなくてもいいんですけど、鉄板焼きのお店なんか、い、いか焼き、いか焼きとかそういうてっ<>とかあれば、教えてください。
オペレーター: 同じように神戸牛とかですね、シェフの方がジュージュー焼くようなおいしそうな鉄板焼きもございまして、どっちのほうがよろしいですか？,カスタマー: そうですね、大阪なので、<>というのは排除していただいて、ジャンクの方で、
オペレーター: 他何か小麦粉以外で一か所選んでおきませんか？,カスタマー: そうですね、そうですね、今日はジャ、ジャンキーデーにしようと思っていたので、結構味が濃いものが続いたので、ぽんぽこ亭と夕飯の合間に甘味処があれば、まぁ<>、こちらでは、東京ではないような、
オペレーター: お客様、ようはローカルな感じのお店が良いということですよね。,カスタマー: そうですそうです。もうどっちでも和でも洋でもどっちでもいいんですけど、おねがいします。
オペレーター: こんにちは。本日はご利用いただきましてありがとうございます。お客様、どのようなご旅行をお考えでしょうか。,カスタマー: 京都周辺を、冬の季節に、恋人と2人で行きたいなというふうに思っています。
オペレーター: あとですね、他にですね、京都に行かれまして、どこか行きたいですとか、見、食べてみたいですとか、そういったところはございますか？,カスタマー: あえてちょっと冬っていう季節を指定した<>けど。夏場だと結構川床とか有名だと思うんですが。京都。
オペレーター: 左様でございますね。,カスタマー: 京都の冬ならではの何か、観光場所に1個行きたいなと思っていて。例えばその料理でもいいですし、そうですね、観光スポットでもいいんですけど。何か冬っていうシーズンならではの、ものがあれば教えていただけたらと思います。
オペレーター: 観光スポット、遊ぶとかですよね。,カスタマー: あとはスキー場とか、まあ京都ないかもしれないです、スキーとかスケートとか。あとは雪。京都っていってもなんだろう。縦に長いと思うんですけど、雪が降る。降りやすい地域とかもいいかなーと思います。
オペレーター: ありがとうございます。あと他にですね、どこか見てみたいですとか、食べてみたいですとか、こ、そういったご要望はございますか？,カスタマー: あとは京都といえばやはり寺院とか仏閣かと思いますので。山程あると思うんですけど、<>訪ねるからにはやはりちょっと最低一箇所はそういった場所で参拝もしたいなと思っています。
オペレーター: で、そうですね、お客様は、冬に行かれるとのことですよね。,カスタマー: そうです。あえてちょっと寒い季節に、訪ねようとしているんですけれども。
オペレーター: はい、ただいまですね、お客様何か和食とか、洋食とかはその京都ならではの料理ですとか、そういったご要望とかはございますか？,カスタマー: そうですね、せっかくなので、京料理を味わいたいと思います。
オペレーター: 色々あるんですよね。ほんとに。,カスタマー: あはは。悩ましいんですが、冬なので、鉄板焼きがちょっとあっ、体があったかくなれそうでいいなと思いました。
オペレーター: とんでもないです。あとですね、何かお土産とか、何か買われますよね。,カスタマー: そうですね、お土産もやっぱり旅行行ったからには、買いたいです。
オペレーター: お客様、どのようなご旅行ご希望ですか？,カスタマー: 今年の7月に、家族4人で、北海道に行きたいって考えてるんですけど。
オペレーター: かしこまりました。ご家族様4人で北海道旅行ですね。,カスタマー: はい。
オペレーター: 具体的な、ご要望とかはございますか？,カスタマー: ひとつ、海鮮が食べたいっていうのだけあるんですけど。
オペレーター: お客様、お寿司はお好きですか？,カスタマー: 好きです。
オペレーター: でー、よろしければ、こちらご案内いたしますけれども。,カスタマー: お願いします。
オペレーター: なかなか珍しく、よろしいかと思うんですけれども。,カスタマー: はい。
オペレーター: じゃ、候補の1つとして、押さえておきますね。,カスタマー: はい。お願いします。
オペレーター: そちらもご案内いたしましょうか？,カスタマー: はい、お願いします。
オペレーター: 一応候補の1つとして、置いておきますね。,カスタマー: お願いします。
オペレーター: 蟹シューマイがおすすめって書いてありますね。,カスタマー: 食べたい。食べてみたいです。
オペレーター: 先ほどのお店と、割と近いところにございますね。,カスタマー: どうですか？入りやすそうな方が、フフ、いいんですけど。
オペレーター: フフ。,カスタマー: ワイワイできるような雰囲気のほうが良いなーと思って、いま聞いたんですけど。
オペレーター: じゃ、こちら、なかむらさんは、じゃ、外しておきますね、じゃあ。,カスタマー: はい、すいません。
オペレーター: 大自然…。,カスタマー: 乗馬とか、フフ、お花がすごい、見れる場所とか、なんかあるのかなーと思ったんですけど。
オペレーター: こちらもひとつ、候補の1つとして押さえておきますね。,カスタマー: はい。
オペレーター: かなり広いですねー、,カスタマー: フフフフ、そういうとこに行きたいなと思ってたんですよ。
オペレーター: じゃ、こちらも1つ、候補の1つとして、,カスタマー: お願いします。
オペレーター: 8月上旬までサクランボ狩りができるそうなんですね。,カスタマー: やってみたいです。
オペレーター: もしよろしければ、,カスタマー: そこも是非、候補にしたいです。
オペレーター: お客様、ふ、船とか大丈夫ですか？,カスタマー: 大丈夫です。
オペレーター: あとなにか、ほかに、見たいところですとか、食べたいもの買いたいものとか、そういったご要望はございますか？,カスタマー: 北海道の美味しい食べ物をお土産に買いたいと思っていて。
オペレーター: こちらも、なかなかよろしいかと思うんですけど。,カスタマー: 行ってみたいです。
オペレーター: ラーメン屋さんというところで、詳しく調べてみますか？,カスタマー: お願いします。
オペレーター: 全国からファンが集まる、集まるのも納得の1杯が満喫できると書いてあ<>。ハハハ。,カスタマー: せっかくなら、なんかそういう、有名な？お店に、行ってみたいです。
オペレーター: そうですね。じゃあ、この味噌ラーメンの、よし乃さんをお勧めいたしたいですね。,カスタマー: そこを、じゃあ、候補に。フフフフ。
オペレーター: そうそう、ハハハ。で、こちら赤と白味噌、赤味噌、白味噌、をブレンドしてー。なかなかコクのある味わいだそうです。,カスタマー: こだわりの味？三代目の。ここ、食べてみたいな。
オペレーター: 辛いの、あんまり、駄目ですか？苦手ですか？,カスタマー: 父は辛いのが好きなんですけど、私があんまり、得意じゃないので。
オペレーター: そうですか、そしたら、,カスタマー: 両方あるほうがいいな…フフ。
オペレーター: ええ、ええ。なので、よし乃さんではなくて、三代目のほうがよろしい感じですね。,カスタマー: そっちにしておきたいです。フフ。
オペレーター: あとなにか、ほかに、見てみたいですとか、食べてみたいものとか、ご要望はございますか？,カスタマー: ソフトクリーム？牧場とかで、搾りたてのーみたいな、フフ、ありますかね？
オペレーター: パフェ？パフェとかに、アイスクリームも有名ですね。,カスタマー: そこ行きたいです。
オペレーター: アイスクリームやデザートが楽しめると書かれてありますね。,カスタマー: まさにそういうのを求めてました。フフフフ。
オペレーター: フフ。それがそうですねー。,カスタマー: 食べてみたい。どう…せっかくなら。
オペレーター: 雪印パーラー本店さんですね。,カスタマー: 行きたいです、そこ。
オペレーター: よろしくお願いいたします。今回のご旅行はどちらの方面をご希望ですか？,カスタマー: 広島県に行きたいなと思ってるんですけれども。
オペレーター: ご人数様は何人ぐらいでご予定ですか？,カスタマー: 全部で5人です。
オペレーター: 5人様。ご家族とかご友人とか決まってますか？,カスタマー: 家族で、5人です。
オペレーター: お父さんお母さんと子供達みたいな感じでよろしいでしょうか？,カスタマー: 私たち家族4人と、あと子供が2人なんですけども。少し高齢の祖母1人で5人です。
オペレーター: 季節とかは何かご希望はございますか？,カスタマー: 夏で考えてるんですけれども。
オペレーター: 夏の広島ということで。何かやってみたいとか行ってみたいとかいう場所はございますか？,カスタマー: 広いと思うんですけど、尾道ってところに行ってみたくって。
オペレーター: なに、尾道ではどんなことをされたいですか？,カスタマー: ちょっと何があるのかもよく分からないんですけど、散歩したり、景色を見たり。美味しいものとかも食べれたらって思ってるんですけど。
オペレーター: そちらはいかがですか？,カスタマー: いいですね、私が、海がちょっと見たいなーと思ったりして。
オペレーター: 公園とかよりは、何か、見て歩いた方がいいですかね？足が、歩くのが大変というようであれば、少し座って何かできるようなところは、いかがですか？,カスタマー: ゆっくりだったら歩けるんですけどもー、座ってっていうのがあったら、そういうプランも、教えてもらえたらありがたいです。
オペレーター: <>…,カスタマー: プランは、祖母と私に合わせてるので、食べ物は、ちょっと男性たちの好みの洋食でお願いします。
オペレーター: いま、この3つが、ちょっと出てきてるんですが。この、カレーであったりパスタであったりっていうほうが良ければ、こっちの初めの2つは、カレーとか、あとパスタなんですけれども、はっきりしてるんですが、いかがですか？,カスタマー: みんな良さそうなんですけど、2番目のアップルパイってお店。
オペレーター: アップルスパイスでございますね。,カスタマー: アップルスパイス、そうです、フフフ、
オペレーター: それともラーメンの方がよろしいですか？,カスタマー: せっかくなんで尾道ラーメン、食べてみたいですね。
オペレーター: 夏ですよね。,カスタマー: 夏ですよね。
オペレーター: 郷土料理が出てこないんですけど、,カスタマー: 意外に、無いのかもしれないし。一般的な、みんなが好きなものがある、居酒屋とかでも良いんですけど。
オペレーター: では、早速なんですけども、今回、ご旅行先、どちらになりますか。,カスタマー: まだ行ったことのない鹿児島県にー。どことは決まってないんですけど行ってみたい。
オペレーター: 季節はいつ頃、予定されてますか？,カスタマー: 秋なんかがいいかな。
オペレーター: 何か、これ、やりたいねっていうのがあってって形でしょうか？,カスタマー: 特には。屋久島には、だ、行ってみたいなあ、なんて思ってます。
オペレーター: 屋久島で何か具体的にっていうのは、特にはお決まりではないって形ですか？,カスタマー: あそこの大きな木があるって友人から聞いてますんで。古い大木ですか、それはぜひ見たいなと思ってますね。
オペレーター: どういった系がよろしいですか？,カスタマー: 川の、川のきれいなとこがいいですね。
オペレーター: どうだろう、海、海よりは川のほうがいいですか？,カスタマー: あと、近くに小島があったら行ってみたいなと思うんですけど。
オペレーター: 小島ですね。,カスタマー: ちっちゃい島、すぐ回れちゃうような。
オペレーター: 他に見たいものとか。,カスタマー: 対馬にも行ってみたいことは行ってみたいですねー。
オペレーター: どのようなご旅行を<>ご希望でしょうか？,カスタマー: 友人と絵画展に行くんですけどー、京都関西地方がいい、な、行き、できれば、京都って<>。
オペレーター: ごゆ、ご友人とはお二人で、よ？,カスタマー: そうですね、二人で。
オペレーター: 季節的にはー、季節はー？,カスタマー: いつでもいいんですけどー、4月か5月ぐらいかな。
オペレーター: 9月か5月？,カスタマー: 4月か5月。
オペレーター: 少々お待ちくださいませ。,カスタマー: 別、絵画展でなくてもー、また、あっちの方は、美術館とか割と多いのは割と知っていいので、京都も、前に住んでたこ、ことがあるのでー、それもあるのでー。
オペレーター: 京都ですので、日本画とかお茶とかってものが、結構多いですよね。,カスタマー: そういうとこ行きたい…だからー、2つ目ー、なんとこな、大丸ミュージアム？
オペレーター: お食事とか、いかがですかー？,カスタマー: 食事はねえ、ま京料理っていうのが有名だと思うので、そっちの方、なんか体験できそうな、とこがあればね。
オペレーター: お買い物？,カスタマー: あんま、そういう、京都って、だから大阪ーにも近いと思うのでー。大阪にもい、行ってみてもいいかなっていう気がするます。
オペレーター: じゃあ、大阪に行ってみますか？,カスタマー: 大阪ー、ねえ？何だっけ？たこ焼きとかー、お好み焼きとか。あとー。
オペレーター: じゃ、ちょっとたこ焼きでー。,カスタマー: そう、たこ焼きー、つうかまあ安い、あそこのうどん、く、食べたいなっていう、な、難波の。
オペレーター: うどんでございますか？,カスタマー: うどんの薄味のやつ。なんだけど、ははっ。
オペレーター: 新大阪では、ないんですか？,カスタマー: 新大阪とか、新大阪と、梅田とか、
オペレーター: ミナミ。,カスタマー: ミナミ、ミナミでもいい、ミナミでもいい。道頓堀でも、道頓堀。
オペレーター: 串カツとか、,カスタマー: 心斎橋とかー、梅田から心斎橋って割と歩いてもそんなに、と…。
オペレーター: 今検索かけてます。,カスタマー: 一応、向こうは本場なので、お笑いの。まあちょっと、あるなあれあ、あれだったら行ってみようかなー、っていう。
オペレーター: 食べたいものとか、見たいもの、買いたいものとか。,カスタマー: 大阪…ま、まだ、京都でもいいし。
オペレーター: 早速なんですけども、行先…、決まってれば、まず、教えてい…、ください。,カスタマー: 沖縄…県ですね。
オペレーター: っていうのはもう、おき…、ありますか？,カスタマー: 一度～、母親とはー、那覇を、中心にー、旅行をーしているんですけれどもー、今回はですねー。
オペレーター: そう<>。,カスタマー: どちらかという地元の人がー、行くーような、お店？、であるとかー、レストラン、陶芸とか。
オペレーター: うんうんうーん。,カスタマー: 母が好きなんでー、
オペレーター: ああ陶芸か。,カスタマー: そういった所にー、行きたいなーと、思ってます。
オペレーター: 食べー物、から、お調べしますか。陶芸の方が良いですか。,カスタマー: 食べ物からー。
オペレーター: 日に…、日取り、日取りというか、季節とかー、週末行く平日行くとかっていうのは、お決まりですか？,カスタマー: 春頃～…、予定してましてー、木曜日と金曜日をー休みを取ったのでー、木曜日からー、日曜日までー、居るつもりなのでー、平日～と休日両方考えてます。
オペレーター: おっそっばっとっかは。食べーられますか。,カスタマー: 沖縄そばー、是非～、美味しいの食べたいですねー。
オペレーター: どうしましょう、もうちょっとお調べする、か、それっとも…。陶～芸…、の方、お探ししますか。,カスタマー: 四店舗探して頂いたのでー、まずそちらの方を行ってみたいなーって思いますのでー、陶芸の方を、検索頂けますでしょうか。
オペレーター: で…、で、たまっ…、どうしましょう、他にも、何か。,カスタマー: 見学みたいな、こともしたいなーと思って、てー。
オペレーター: ビール…、ビール工場的な…。っていう、こと…。,カスタマー: そうですねー、あれば是非～…、行ってみたいなー…。
オペレーター: お土産とかにも買って帰ったりとか…。,カスタマー: もしービール工場みたいな見学出来てー、そこでー、限定のビールなんて買えたらー、良いなーなんて思って<>、ねー。
オペレーター: ありがとうございます。では、行先等はだいたいどちらかお決まりですか？,カスタマー: まだはっきりは決めてないんですけどー、東北地方のー、そうだな宮城とか、その辺の温泉地でー、一泊でのんびりしたいと思ってるんですけどー
オペレーター: では、こちら行く季節はお決まりでしょうか？,カスタマー: 近いうちなんで、もう冬ですよね、今って、
オペレーター: かしこまりました。,カスタマー: 行きやすいところがいいです。
オペレーター: では、何名様でのご旅行になりますでしょうか？,カスタマー: 女性一人なんですけどー
オペレーター: 例えば、ホテルのような施設が良いか、あるいは旅館のような良いか―、どちらかご都合はございますか？,カスタマー: どっちかっていうと旅館のほうがいいですね。
オペレーター: <>そうなんですよ、ちょっと寒いかなという心配ありますのでー,カスタマー: そしたら、なるべく館内で<>ようなところが<>いいですね。
オペレーター: そうですね、そうなりますとー、どうでしょう、お客様、例えば博物館とか美術館<>,カスタマー: <>美術館とかは好きなんで
オペレーター: はい、市太郎の湯を温泉をお楽しみいただきまして、その前後に宮城県美術館の方をご覧になってお楽しみになるという方向でいかがでしょうか？,カスタマー: そうですね、メインは、滞在することなんで、ゆっくりと、空いた時間があったら、美術館も行ってみるっていう感じにしようかと思います。
オペレーター: かしこまりました。では、お客様、苦手な食べ物とかはございませんか？,カスタマー: ウニとかね、トロとか、そういうのは食べないんです、私。
オペレーター: ではですね、こちらお代金なんですけれども―、お客様やはり、コースのようなものをお考えでしょうか？,カスタマー: 料金によってなんですけどー、
オペレーター: では、お客様、お昼はいかがいたしましょう？夜はお魚ですけれども,カスタマー: お昼はですねえ、そのときによって考えこ、ようかなと思ってんだけど
オペレーター: お客様どういったジャンルをお考えですか？,カスタマー: 定食みたいなのでいいんですけどー。
オペレーター: ではどうでしょう、定食のなかで洋食がよろしいでしょうか、それとも和食、あるいは<>なるほど,カスタマー: 難しいですね、そのときの気分なんでー、
オペレーター: 本日はご利用いただきまして、ありがとうございます。お客様、どのようなご旅行をお考えでしょうか？,カスタマー: 温泉…とかに入って、リラックスして、あと懐石料理を楽しみたいなっていう、目的があって、どういう所が良いかなっていうご相談をさせてほしいです。
オペレーター: あ～、かしこまりました。お客様、一緒に行かれる方は何名になりますか？,カスタマー: そうですね、4人か5人、結構大人数で行きたいなっていう風に、
オペレーター: さようでございますか。4、5人ですね。かしこまりました。行かれる時期はいつ頃になりますでしょうか？,カスタマー: 秋頃を予定してます、
オペレーター: 秋頃でございますね、かしこまりました。北は北海道から南は沖縄までございますけれども、例えばどちら方面とかそういったご要望はございますか？,カスタマー: 関東近辺に住んでいて、関東の周辺は結構行ったことがあるので、関東以外だったら良いかなって思ってるんですけど。まだ西とかあんま行ったことがないので、西日本にそういう場所があれば、温泉とかだと寒いところとかの方があったりするイメージがあるので、
オペレーター: なのでもしよろしければこちらも、紅葉を見て…楽しむのもよろしいんじゃないかなと思います。,カスタマー: それも候補に入れさせていただきます。
オペレーター: あと何かお客様、食べてみたいものとか買いたいものですとか、見てみたいものとかご要望ございますか？,カスタマー: 鳥取ってことだったので。昔の建築物みたいなの興味があるので。出雲が近いのかなって思うんですけど。出雲大社とか。も寄りたいなって思うんですけど。
オペレーター: お客様はどちらへご旅行なさいますか？,カスタマー: 今のところ九州を予定しております。
オペレーター: では、いつ頃ご旅行なさいますか？,カスタマー: 春を予定してます。
オペレーター: お客様今回九州に行ってみたいと思われたということで、またどうして九州という風に思いつか。,カスタマー: それは、自分の親の出身地がながさ、長崎なんですね。
オペレーター: ええ、ええ、,カスタマー: なので、長崎もしくは九州の他の県を比較して、相談した上で決めたいなと思いました。
オペレーター: 何市とかございましたら、こちらで。,カスタマー: まず子供が楽しめる場所がいいですかね。あるいは、
オペレーター: そういったものございますけれど、何かお好みの場所ってありますでしょうか。,カスタマー: アトラクシャン、アトラクションも楽しみつつ、自然を感じられる場所。
オペレーター: あるいは、お食事とかお買い物の場所を探すか、どちらがよろしいですか？,カスタマー: 食事の場所を長崎詳しくないので、調べていただきたいです。
オペレーター: こちらお選びいただいておりますけれども、他にお客様何かご希望はございますか？,カスタマー: きれいな景色が見られる場所がいいです。
オペレーター: あるいは実際に海の近くに行って何か景色を見るような場所、どちらがよろしいですか？,カスタマー: 山がいいですね。
オペレーター: ではお客様、お買い物の場所とかは大丈夫ですか？,カスタマー: お土産とかがやっぱり欲しいですね。
オペレーター: どうでしょうか。,カスタマー: 自分が買うものをちょっと探したいです。
オペレーター: ご興味あったかと思うんですけど、いかがですか？,カスタマー: そのステンドグラスの方がいいですね。
オペレーター: 他にお客様何かお知りおきいただきたいことございますでしょうか。,カスタマー: 夜ご飯とかで食べれる場所を探したいです。
オペレーター: ありがとうございます。そうしますとちょうどですね、長崎ちゃんぽんの店と、皿うどんの店。,カスタマー: 両方がいいです。
オペレーター: どちらへご旅行なさるかお考えはございますか？,カスタマー: 京都の方に行きたいんですけど、
オペレーター: では京都にいつ頃ご旅行なさいますか？,カスタマー: できれば初夏に近くて本当に春って言う感じ。
オペレーター: どちらがよろしいでしょうか？,カスタマー: よく修学旅行で訪れるような所じゃないー、エリアで、あまり観光地らしくない、お寺巡りをしたいなと思ったんですけど。
オペレーター: なるほど。,カスタマー: 決めたんですけど、でも今のお話だと嵐山の方？中心部からやっぱりちょっとはずれた。そういう所をそぞろ歩きしながらー。見る方を選びたいなと思います。
オペレーター: そういった事も考えられますけれども、いかが致しましょうか？,カスタマー: その、そのお寺の周辺の自然を、た、少し楽しみつつ確か京都って。バスとかもそこ通ってる<>ですので、また違うお寺も行ってみたいと思います。
オペレーター: どのようなご希望御座いますか？,カスタマー: できればテレビで見るとかよくみんなが行くって言うよりは、鄙びた、大小は関係なくなんかこう。仏像様をじっくり堪能してみるとか。なんか、本当庭園が、日本庭園みたいな庭がいいとか。そんなような所が良いです、
オペレーター: そうですね、神社も結構ございまして、お客様お寺の方をご希望ということですよね、神社ではなくて。,カスタマー: でも神社でもお薦めのものがあれば、
オペレーター: 決めておりませんので、どちらかお探し致しますがいかがでしょうか？,カスタマー: じゃあ昼食を、
オペレーター: 或いは旦那様どういったものが苦手ですとか、お客様ご自身がこういったものが苦手ですとか、ございましたら教えて頂けますか？,カスタマー: そういうのは特にないんですけれども、京都ならではの、し、あんまり、しゃちほこばったって所じゃなくって、ゆっくりお豆腐を楽しむとか、おいしい春のお魚を楽しむとかそんな感じで。
オペレーター: ではお客様どちらになさいますか？先程の定食系のお店がよいか、或いは今申し上げましたこちら名前がですね、京料理卯柳先斗町花と言います。,カスタマー: せっかく行ったんだからー、その川を、川の流れを愛でながらお食事するというのを、ちょっとやってみたいです。
オペレーター: お客さま、どのようなご旅行をご希望でしょうか？,カスタマー: 一人で、静かなところに行きたいなあと思ってまして。
オペレーター: いつ頃、行かれる予定ですか？,カスタマー: 春先にちょっと時間ができるんで、なんかその、2月3月そのぐらいで、例えば、分かんないですけど、例えば山奥の温泉みたいなことがいいのか。
オペレーター: ええ、,カスタマー: そこにこだわらなくても例えばこんなところありますよーみたいなことがあればと思ってるんですけど。
オペレーター: ご興味ございますか？,カスタマー: 桜。ま、あまり人混みでなければっていうか。今回は
オペレーター: ありますか？どちら方面とか。,カスタマー: 例えば群馬とかでもいいし。<>思い切って、いし、石川県とか、金沢だと街だけど、もうちょっと、奥まったところみたいなとこでもいいかもしれないし、とか。
オペレーター: いしか、あと、石川県辺りとかですかね、北陸方面。,カスタマー: 例えば七尾とか？
オペレーター: はい、,カスタマー: は、羽咋なんかでも。
オペレーター: 体験。,カスタマー: 民芸品の、あれでもいいんですけど手作りなんとかみたいな。ウフッフ。指、動かして物作りみたいなのができるとこってないかなあと、おも、今、おも、思いついたんですけどね、
オペレーター: あと何か食べたいものですとか。,カスタマー: あれかな？やっぱり、ヤリイカとかホタルイ、ホタルイカだっけ？
オペレーター: そういったのは、ご興味ございますか？,カスタマー: そういうのが、おいしいところがあれば。
オペレーター: お写真、見せられないのが残念なんですけれども、すてきな。,カスタマー: 画面共有で、ぜひ見せてほしかったんですけど。フフフフフフフー。
オペレーター: 旅行先や人数など、お決まりであれば最初にお伺いしてもいいですか？,カスタマー: 春先なんですけど、北陸の方ですね。石川県で、はい。
オペレーター: 北陸ですか。,カスタマー: 富山とか福井とか、そのあたりをまとめてくれると、一人旅に。
オペレーター: 一人旅、北陸、富山って仰ってましたっけ？富山と。,カスタマー: そうですね、北陸三県。あの辺を重点的に車とか借りて。回れればいいかなと。
オペレーター: 車で。,カスタマー: 3日4日休もうかと思って、要は1日で一つの県をぐるーっとこう。回っていこうかなみたいな。
オペレーター: うんうん。,カスタマー: もしぐるっと一つの県回れないんだったら。海沿いで。富山、石川、福井みたいなところを<>。回っていけたらいいのかなと思ってまして。
オペレーター: なるほど。,カスタマー: もしそのところどころに。有名な温泉どころとかあったら。一つの県に1箇所ずつ温泉入ってくーみたいな。そういう感じメインかなと、
オペレーター: 例えばどういう温泉がいいとか。,カスタマー: 効能とかはそこまで求めてないんで。風景ですかね、例えばその海が背景になっている露天風呂だったりとか。綺麗な、山が見えるような露天風呂とか。
オペレーター: なるほど。,カスタマー: 秘湯じゃないですけど、そういう、非日常みたいな。ところとかが感じられたらいいなと。
オペレーター: ここはかなり良いかなという。,カスタマー: 基本1日動いて夜に入れたらいいかとは思ったんですけど、
オペレーター: そうですよね。,カスタマー: そういうところを短い時間で。ちょっと入って。その後ゆっくりくつろげるところでもう1回。その泊まるところとか、泊まる前とかで
オペレーター: どっちを。,カスタマー: うんうん。そこに行きながら、途中でなんか食べたりとか。
オペレーター: うんうん。そこに行きながら、途中でなんか食べたりとか。,カスタマー: そもそもその途中の風景も楽しめると思うんで、いっぱい別に、あのー動物園とか見るわけじゃないから。いいのかなと思ってますけどね。
オペレーター: 一応食べる方をお調べしてみましょうか。,カスタマー: そうですね、はい、1人なんで自分の好きなもので色々。興味あるものがあればですけど。
オペレーター: 好き嫌いとかは大丈夫ですか？,カスタマー: そうですね、精進料理みたいなところとかはあんま興味ないんで。肉っぽいやつとか、B級グルメとかで全然。
オペレーター: それを使った蕎麦とか。,カスタマー: でも山菜だったらまだ海鮮とかのがいいですかね。
オペレーター: 富山、石川？,カスタマー: そうですね、富山の隣の石川とか、
オペレーター: そうっすね。,カスタマー: 珍しいって意味では。小腹にはいいかもしれないですけど、だからメインで食べるんだったらもうちょっと、石川県の、のどぐろ、のどぐろとかじゃないですけど、海鮮だったりとか。確か能登牛とかって、場所によって、ブランド牛みたいのもあったような気がするんで。そういうところも。回りながら<>たらいいかなって思ってまして。
オペレーター: あと、お肉が今出てこないので、,カスタマー: もしお肉メインみたいなところがあるんなら。そこも参考にしたいですね。
オペレーター: 魚が多いですね、やっぱりお魚料理が。,カスタマー: B級グルメみたいなのとかだと出てこないですかね？
オペレーター: 結構お酒、もし飲まれるのであれば。,カスタマー: 強い人だったら1番最初のその。一品料理のお店とかも日本酒が楽しめるみたいな感じあるんですけど。あんまりそこまでピンとは来ないので。あまりお酒のつまみとか肴みたいなものはなくても。いいようなお店で全然、例えばもうなんとか丼とか。そういうので完結してほしいかな。
オペレーター: 石川でも温泉入っときますか？,カスタマー: 能登、能登半島ぐるっと回れればいいなと思ってるかな。
オペレーター: じゃあそこまで温泉ってわけじゃないって感じ。,カスタマー: そうですね、要は能登半島の出発地点みたいなところで入るのか。能登半島の先端の方で入るのか。もう1回帰る途中のそのまた根本の方で入るのかで変わるんで。理想は。そうすると日中とか。夕方前とか、でも日中かな、に1回この<>、なんか温泉があれば入りたいですし、なかったら1回その。もう日中、朝から夕方までぐるーっと<>回っちゃって。石川県をねも、根本みたいな、金沢のあたりとかに入れたらいいのかなと。
オペレーター: もう行きたいー、その場所だったりー、地方だったり県とかってもう、決まってらっしゃいますか？,カスタマー: 沖縄～…ですね。暖か、かいかなと思って沖縄…、を希望します。
オペレーター: 暖かい頃ということは、季節的にはいつ頃～、になるんでしょうかー？,カスタマー: 冬～…にーですねー、こちら、寒いのが苦手なんでー、暖かいー、所へ行きたいなーという、<>沖縄ですね。
オペレーター: こちら何名様で―…、いらっしゃる感じでしょうかー。,カスタマー: 一応ですね、一人でー、フラっと行ければー…、良いなと思ってます。
オペレーター: では…、そうなりますと結構史跡ですとかちょっと歴史的なー…、なんか場所だったりー、そういう場所がー…、ご希望されーてる感じですかね。,カスタマー: 出来ればそういう所を見たいです。はい。
オペレーター: ちなみに苦手な食べ物だったりとかー、そういったものは大丈夫でしょうかー。,カスタマー: ちょっと気にしてますのがー。今～、こういう状況の中でこ、国際通りのような、この密集した…。観光地、ああたぶんおそらくー、有名なお店があるんでしょうけどー。そういうの、じゃなくてー。どっか離れた所にー、一軒…、そ、そこそこー、地元の人にもー。受け入れられてるみたいなー、所があればー、嬉しいなあ、という。
オペレーター: あんまり大きな、お店というよりは地元～、の人が行くようなちょっと小さめのー…、店が良いという<>。,カスタマー: はい。観光客とかが、で密集してないー。ちょっとゆとりのあるようなとこ…、で、おいしければ嬉しいなーと。
オペレーター: あとたべ、食べ物的にはこういうのが…、食べたいとかはありますかー？なんか、お蕎麦でしたりとかー…。,カスタマー: 沖縄なんでー…、あまりー、調べてないんですけどーか、こ、ぶ、ん、ん、豚～…、 海産物よりもー、豚肉をー。のー、料理でー、美味しいもんがあれば…、ちょっと試してみたいなーと。
オペレーター: やっぱり史跡的な場所がー…、ご興味がある感じですかね、それともなんか、自然…スポットだったりビーチとか…、そういう場所にも、ご興味ございますかー？,カスタマー: やっぱりね冬、冬ですので、ビーチという感じですと、スーッ史跡～、とかーでー、折角～、見れるならですねー。
オペレーター: <>,カスタマー: 知る人ぞ、知るみたいなマ、マニアックなとこなんかも…、行ってみたいなっ、という感じですね。
オペレーター: では午後、おそらくもう一か所ぐらい回、れると思うのでー、もうちょっとー、お探しになりますかー？,カスタマー: そうですねー、首里ぞー、城の近くでー。今～…、教えて頂きました、りゅ、龍潭のようなー今初めてー、聞いた名前なんすけど、そう、そういうちょっと…。は、外した、外したというか…、お、王道から少し、斜、斜に構えたような場所があれば。しゅ、首里城コースでまとめて、午後、三箇所行きたいなーと思ってます。
オペレーター: あと例えば<>、,カスタマー: 出来ればある、歩いて行けるー…。範囲でー。も、モノレールとか、乗ら、乗らず、タクシーとか乗らずにー。もう散歩がてらー、周りぐるっと回れるような所に、良いもんがあれば嬉しいですけど。
オペレーター: ではこの近くでもうちょっと史跡探しますかー、それともなんか夕食とかの方を、考えたりとかでもー。,カスタマー: そうー、ですね、どうでしょうかねー。午後に三つー…。たぶんですねー、バタ、バタバター、せずにー、もうそっこのー、午後はー、ゆっくりと歩いてー。歩くのも楽しみながら、も、三つぐらいにしておいてー。日が暮れた六時ぐらいからー…。むぐ、ご飯でー…。あとはー、宿に戻ってゆっくりお風呂というようなパターンにしたいかなーと思いますんで。
オペレーター: なるほどなるほど。,カスタマー: そうですね、是非～、晩御飯のー、食べれるー、所、<>。
オペレーター: <>,カスタマー: 首里城の近くの方が良いでしょうかね。
オペレーター: なるほど、ちょっと<>。,カスタマー: 絶対、魚介が、ダメだというわけではないんですけど…。
オペレーター: そうですよねー。,カスタマー: 豚はー…、れん、連続じゃなくて避けた方が良いかな。ぼーくーかーあれかね、居酒屋みたいにー、いろんなものがおいてある店の方がー…、結局…、良いかな…？
オペレーター: 一応泡盛のお店でしたりとかー…、泡盛とかってお飲みになられますかー？,カスタマー: はいはい。い、良いですね。泡盛ハイボールとか…。お、む、向こうの居酒屋にあるようなー、もんもー、ぜ、是非呑みたいんで。はい、いざ、居酒屋でー。
オペレーター: どっちがー…。,カスタマー: そ、それならー、折角なんでー、よ、夜のー…、居酒屋もー、ちょろっとー。見てみたい感じが、しますかねー。
オペレーター: そんなに遠くはないと思いますね。,カスタマー: 遅くまで呑むならー歩いて帰れるー距離がいいかなーと思ったんですけどねっ、ふーっ。
オペレーター: では早速なんですけども、今回ご旅行の行き先など決まってれば教えて下さい。,カスタマー: ざっくりなんですけど、北海道
オペレーター: 北海道,カスタマー: はい、今年の冬に行きたいなと思ってまして
オペレーター: ちなみに人数とかってもう決まってますか？,カスタマー: 僕と彼女二人で
オペレーター: 具体的に何かしたいとか、決まってれば、良くご旅行とかされるんですか？お二人で,カスタマー: 北海道の方は本当に仕事以外で行ったことがなくって、はじめてもう本当にメジャーどころとか
オペレーター: はじめてもう本当にメジャーどころとか,カスタマー: 雪まつりのシーズンに行きたいと思うんで、やっぱりそういう所をおさえながら、おいしいものとか、流氷じゃないですけど風景として<>
オペレーター: 風景とか,カスタマー: 行けたらなと思ってるんですけど
オペレーター: どうしましょう、遊ぶとかでお調べしますか？遊ぶスポットとか,カスタマー: 食事だったり遊ぶとか、
オペレーター: 何か好き嫌いとかって、食べたいものとか,カスタマー: 特に苦手なものはないんですけど、できればその北海道由来、ジンギスカンとかじゃないですけどなんかそういうこっちでなかなか食べられないようなものとかあったらいいかな
オペレーター: そういったのってありました？な、特にはないですかね？,カスタマー: でもー、昼も夜も肉料理とかにするんだったら、例えばそのお昼か夜に鍋に、その野菜が多い鍋とかだったら、尚いいかな
オペレーター: ご旅行って週末にされますか？,カスタマー: 土日の週末、
オペレーター: じゃあ土曜日の夜に行く形ですかね、こちらへ,カスタマー: はい。行けるんだったらその日で調整してもらえればと思うんですけど
オペレーター: 昼肉なら夜さ、魚とか,カスタマー: そういう感じですかそういう感じもいいですね。<>もたれちゃうとかあるかも<>
オペレーター: とかっていうのがあったりするお店があるんですけど、こういったいろんなものが食べられるほうが良いですかね,カスタマー: さっきの一番最初のジンギスカンのお店も室内だったら全然もうそこでいいかな、と思うんですけど、そういう室内重視っすかね、時期的に。なんでそこで食べれればその後のラムチョップとかそういう所でもいいですし、もしジンギスカンがあればジンギスカンでも、
オペレーター: で、他に甘いものとかどうしましょう甘いものもしくはどこか見に行くとか,カスタマー: その北海道が広いんで、最初はスタート地点として札幌周辺とはなっちゃう<>思うんですけど、もしそこから例えば車とか、1、2時間とかで行けるようなところとかで、海までは行けないと思うんですけど、山だったりとか湖だったりとか<>そう雪景色だったりとか、そういう所がもしあれば、足を運んで行って、札幌市内戻ってきて、夕飯みたいな、そういうのがいいのかなと
オペレーター: 観光スポット,カスタマー: もし時期的にもう本当に逆に雪景色以外なにもなくて、みたいな<>だったら、もう本当にもう札幌だけを周遊みたいな、こう色々はとバスじゃないですけど、もしそうゆうものみたいなのあれば、教えてもらえたら<>
オペレーター: そういった,カスタマー: 路線バスプランっていうんですかね？
オペレーター: プラン、ぶら、ぶらり旅的な,カスタマー: 市内周遊みたいな<>かね
オペレーター: いろいろカテゴリーでお調べできるんですけど、自然とか例えば建物、動物園とか,カスタマー: 動物園もそうですね、もしやってれば
オペレーター: 餌やりとかってみたり興味あります,カスタマー: 可愛ければ、ですかね
オペレーター: けっこうなんかこう,カスタマー: ふれあい見るだけじゃなくて、その檻の中の生き物見るよりもむしろそういう生き物と距離が近かったりとか、犬ぞりなんかめったに乗らないんで
オペレーター: ふれあい見るだけじゃなくて、その檻の中の生き物見るよりもむしろそういう生き物と距離が近かったりとか、犬ぞりなんかめったに乗らないんで,カスタマー: そうですよねそういうのが<>いいですね、犬ぞりすごくいい
オペレーター: ライオンに直接餌やりとか,カスタマー: いやそれよりもお話しされていた犬ぞりとかの方がいいですかね
オペレーター: そういった方がいいですかねさっきより、どうなんだろ,カスタマー: 動物園中心だとどうしても円山とか旭山動物園とかになっちゃうんで、犬ぞりとかそういう普段やらないようなウィンタースポーツっていうか、やれるような、パークとか、もしそういうのが、大きいのがあれば、そっちの方が興味あるかもしれないですね
オペレーター: どっちもいいところあるんですけど,カスタマー: いや、ちょっとー、それぞれ、若干ジャンルが違うんで、時間あれば両方行きたいですけど、優先順位でいったら後者の
オペレーター: 後者の,カスタマー: 40分かけていく方ですかね
オペレーター: 見ておきたいものとか,カスタマー: でも多分その移動してそこで動物園なり、その、パーク的なものをするとだいたいもうそれで日中終わっちゃうかなとおもうんで、先ほど話したみたいにその、土曜日曜で行こうと思ってるんで、もし仮に土曜日にその、夜ジンギスカンのお店も<>石狩鍋か、<>だったんで、とりあえず今まで話したもので組み合わせるんだったら一日目はそういう形にして、二日目の方に例えばさっきの動物園をこう<>設定するとか
オペレーター: 二日目の方に例えばさっきの動物園をこう<>設定するとか,カスタマー: さっきの周遊プランみたいなのいいましたけどもしそういう、電車でぐるぐるとかバスでこう回るみたいなのがあれば、そういうのを、次の日に、帰る前にちょっと、ちょっと行けた方がいいのかなとは思うんですよね
オペレーター: 周遊プランが,カスタマー: もう全然散策でもいいんですよ、札幌市内とかの歴史的な建物だったりとか、商店街じゃない<>大きな通りじゃないですけど<>有名ないろいろ物が並んでるようなところとかあれば、そこ歩くだけでも時間潰せるのかな
オペレーター: それでは、行き先はもう決まってらっしゃいますか？,カスタマー: 京都ですね。
オペレーター: 京都ですね。,カスタマー: 京都市内を、
オペレーター: 一応、行かれる季節、いつ頃に行かれるのは、もう決まってますか？,カスタマー: ゴールデンウィークの前ぐらいに。
オペレーター: ちなみに、どういった方と、い、行かれるんでしょうか？,カスタマー: 仕事の仲間で約束しておりますので、大体、よ、4名。
オペレーター: なるほど、なるほど。お仕事仲間と。,カスタマー: わ、私含めて4名ですね、
オペレーター: 何か、こういうことをしてみたいとかって。,カスタマー: できればね、美術館巡りなんですが。
オペレーター: なるほど、なるほど。,カスタマー: 一つ、京都近代美術館は必ず入れて。そこ、そこから、いろいろと、企画内容によるんですけど、面白い展示がやってたら、行きたいなあと。
オペレーター: なるほど。,カスタマー: いう感じですね、
オペレーター: 美術館でしたり、博物館でしたり、そういったものを、見ていきたいという感じですね。,カスタマー: いや、美術館だけで。特に。
オペレーター: 美術館。博物館とかではなく、本当、美術。,カスタマー: はい。美術館を、見たいなと。
オペレーター: では、もう何件か、ご紹介いたしましょうか？,カスタマー: それに関連させてですね、お茶器、さ、茶道ですね。それ系統の、なんか美術展示してるやつがあれば。
オペレーター: なるほど、なるほど。,カスタマー: め、巡りたいなあと思いますんで。
オペレーター: もうちょっと違うジャンルの美術館を見てみたいとか、そういうご希望はございますか。それとも、なんか全然別のでも。,カスタマー: それであれば、と、とき、京都の、最もメジャーな美術館で、どんな展覧会がやってるかというのをお調べいただいて。その企画が面白そうでしたら、ぜひ行きたいなあという感じでしょうか<>。
オペレーター: 一応、もうちょっと代表的な美術館を何個かピックアップいたしましょうか？,カスタマー: 京都行って、そこも行ってないのかって言われるのは嫌なんで、
オペレーター: なるほど、なるほど。,カスタマー: で、よく、人気のあるスポットを、ちょっと教えていただければと。
オペレーター: じゃあ、もうちょっと、絵画でしたりとか洋画だったり、そういうものが、よ、いいですかね？,カスタマー: 京都は彫刻も絵も盛んなんで。できれば、京、京都画壇とか。京都、京都の人が、生み出したものが見れるようなところがうれしいですね。
オペレーター: それか、お食事処だったりとか。,カスタマー: 食事の情報も、ちょっとですね。
オペレーター: かしこまりました。ではお食事で。,カスタマー: 食事でー。
オペレーター: 検索して、してみますね。,カスタマー: 特に、ひ、昼はもう簡単な。できるだけ見て回りたいんで。
オペレーター: なるほど、なるほど。,カスタマー: もう。さくっと食べれるような。
オペレーター: 結構ライトな感じが。,カスタマー: ものでいいかな。
オペレーター: こちらで、お昼はさくっと済ませるということもできるかなと思います。,カスタマー: そんなに、こ、今回、1人、女性が入ってるんで、あんまり。ボリューミーなものを時間かけてゆっくりというよりも、もう本当に軽く、さ、さくっと、どく、丼もんもあるとおっしゃってたんで。
オペレーター: あと、他、夕食も探しておきましょうか？,カスタマー: 次の日がちょっと忙しいんで、お土産をその日に。
オペレーター: なるほど、なるほど。,カスタマー: できれば買いたいと思ってまして。
オペレーター: はい、はい、はい、はい。,カスタマー: で、一緒に行く者の中でですね、希望してるのが、京都で和菓子ではなくてですね。和菓子だったら、み、みんな京都のお土産にするんですけど、いが、意外と洋菓子が。なるほど。う、う、受けが、おしゃれで受けがいいと言うのがいまして。
オペレーター: なるほど。う、う、受けが、おしゃれで受けがいいと言うのがいまして。,カスタマー: そう、そういうのでいいお店があればですね、ちょっとマニアックなものをお土産にしたいなと思ってまして。
オペレーター: 日、どうなんですかね？ひみ、日持ちするかどうかは何とも言えないんですけど、あと、焼き菓子などもあるんで、他のものでしたら。,カスタマー: 焼き、焼き菓子が、やっ、やっぱり、か、か、か、軽くて。恐らく個包装なんで、みんなに配る、仕事仲間に配るのにいいかなあと。ぜ、ぜひ、ちょっと教えていただきたいなと。
オペレーター: アハハハハ。,カスタマー: それほど、高級じゃないところがあれば、ちょっと、おして、教えていただきたいですね。
オペレーター: ありがとうございます。ではー、お客様、どちらへご旅行なさいますか。,カスタマー: 長崎の方～に、行きたいんですけれどもー。
オペレーター: 九州のー、長崎県で、よろしいですか。,カスタマー: はい、そうです。
オペレーター: かしこまりました。では長崎に、いつ頃、ご旅行なさいますか。,カスタマー: 夏～です。
オペレーター: では何名様でのご旅行となりますでしょうか。,カスタマー: 娘と二人で行きまーす。
オペレーター: お子様とでは、お二人でございますね。,カスタマー: はい。
オペレーター: お子様はもう大人の方でしょうか。それとも、小さい…。,カスタマー: 二十六歳の、しゃ…、もう会社員です。
オペレーター: お子様向けの場所というよりー、大人の方、親子で、お楽しみ頂けるような場所がよろしいでしょうか。,カスタマー: そうですね。
オペレーター: ええ、,カスタマー: 今度はそうじゃなくってー。長崎、教会いっぱいー、宗教の関係でい、い、いちいろんな教会があると聞いたのでー。
オペレーター: そうですよね。,カスタマー: あんまりそんな有名、どころじゃないやっぱり小さな教会～を回ったりー。トルコライスが有名だ、っていうのでー、それをー、お昼に、組みー込んだー、旅行がしたいな、と思ってます。
オペレーター: それではまずは教会の方から調べてみましょうか。,カスタマー: はい。
オペレーター: 一つ、おそらく有名なのがー、カトリック浦上教会…、だと思うんですけれど、こちらー、もうお客様既にー、ご訪問なさってる。そうですよねー。でしたら、今回はここは、行かなくてもー…、大丈夫です<>…ね。,カスタマー: そうですねー、はい。そうですそうです。行かないで、はい。
オペレーター: こちら建てられたのがー、千九百六十二年らしくてー、そういったことを考えますと、そこまで歴史が古いわけではー、ないー、ですよね。,カスタマー: 出来ればー、やっぱりー、古く、古くてー、お客様、<>。
オペレーター: そうですよねー。,カスタマー: ん、ねえ。戦…、災を潜り抜けたようなひび、やっぱりひなびたような、小っちゃくても良いんですけどー。
オペレーター: そういった、もの、に近いような…、教会でございますよね。,カスタマー: そうですねー。はい。近いような、そうです。
オペレーター: 残ったのは側壁～、と塔だけになってしまった、みたいなんですけれども、ただ礎とかはですね、あの当時の物を残したまま。その上に再建されたのが、本日の、この、カトリック中町教会、な、そうなんですね。,カスタマー: そういうのが良いです。一部だけ残っててて、っていうのはー、更にードラマーを感じるのでー。
オペレーター: そうですよねー。,カスタマー: すごく良いですね。
オペレーター: しかもですねー、キリストの生涯を描いたステンドグラスとかも、美しくて…。,カスタマー: ステンドグラス良いですね。やっぱりそういうの見たいですー。
オペレーター: そういったものもございますので、こちらお客様、どうでしょうか。カトリック中町教会。,カスタマー: いっ、良いですねー。是非、候補に入れたい。はーい。
オペレーター: ではー、どうでしょう。お客様、まだまだ教会巡りを、してみますか。,カスタマー: そうですね、はい。
オペレーター: 今のような感じの所が、古い、所が良いか、あるいは今度は、新しくても、ものすごく大きいところが良いとかー、なにか、そういったご希望ございますか。やはり今のような。古めかしい感じのところ…。,カスタマー: そうですねー。古いー所。戦…、災でー、い、い、いち、一部残っているとかー、焼け焦げ…、たけども、んぐ、そこだけ残ってるとか、あと、ステンドグラス、がー…、あるとかー、そういうのー、良いですね。
オペレーター: ご旅行の前に…、質問とかの、お問い合わせをして頂ければと思うんですけれども、いかがでしょうか。,カスタマー: 外～、外～を見てるだけでも今、んぐっ、おっ、今のお話を聞いてー、外を見るだけでもすごく…。歴史とか想いを感じたのでー。中見る、見る、見られる見らられないは別として、ちょっと行ってみたいと思いました。
オペレーター: いかがでしょうか。,カスタマー: はい。是非、是非、伺ってみたいと思いました。
オペレーター: ではカトリック大野教会の方を、追加致しますねー。,カスタマー: はい。
オペレーター: もう一か所ぐらい、教会見ますか。それとももう、トルコライス、の方に行きますか。,カスタマー: じゃあ、もう一つ見てから、トルコライスに行きます。
オペレーター: 潜伏キリシタンの教会、と来まして、やっぱりもうちょっと違う、趣向の、所をお探しになった方がよろしいですか。,カスタマー: そう、ですね。ちょっと見たくなりました。はーい。
オペレーター: この中に、あるそうで、ただ今さっきと違うのは、結構ですね、海…、が見えるような、景色の良い場所にある、という点が、魅力的かなーという風に思います。,カスタマー: 良いですねー。海が見えるっての良いですね。
オペレーター: もしよろしければですねー、こちらもー…、結構良いかなーって思いましたけれども、どうでしょう。世界遺産ばっ、かり、だと、ちょっと…、飽きますかねー。もっと別のとこが良いですか。,カスタマー: そうですねー。はい。そうですね。そ、そうですね。へっ。良いです。今、海が見える、海も、す、海とその教会とのなん、なんて言うか、そ、それが両方、楽しめるー、そういう所に身を置く、う、のが、ちょっと良いなあって思ったのでー、是非そこも。
オペレーター: お客様、どうでしょう。そういう所～、が良い、かー、あるいは海が見える、綺麗な景色を楽しめる教会が良いかー、どちらが良いですかね。,カスタマー: 今はその、海に、最初に教えて頂いた海～、の方に惹かれてるんですけど、なんで今、有田焼なのかなーってこうー、思ってー。
オペレーター: そうですよねー。,カスタマー: ただ単に有田焼～、をポッっと持ってきたんなら、特に、興味はないんですけども、有田市～、有田、焼との深い関わりとかそんなのがあって、そういうの導入することにしたとかそういう。ドラマみたいな所が、あれば、ちょっと面白いなーとは思ったん、ですが、でも、ここは…。そうです、…の方～、が良いなと思いました。
オペレーター: ではー、お客様、どうでしょう。さっきの出津教会の方が良いですよね。,カスタマー: そうですねー、はい。はい。
オペレーター: ではお客様、もう結構、教会の方歩いて回っておりますのでー、そろそろトルコライスの時間にしましょうか。,カスタマー: そうですね、はい。はい。
オペレーター: どういったー、お店が良いか。雰囲気とかですね。あとお値段とかご希望はございますか。,カスタマー: 本当に地元の人がー、食べてるようなー、普通のー、オムライスって、あっ、とっ、あっ、えーとー、トルコライスってー、一つ一つが、そんなに高級食材とかじゃないですよね。
オペレーター: そうですね。ええ、ええ、ええ。,カスタマー: スパッ、スパゲッティとー、ん、ん、ん、トンカツみたいなのとー、ごはんとかー。
オペレーター: カツが乗ってる、そうですそうです。,カスタマー: ですので、そんーなー、高級レストランで食べるっていうんじゃなくて、本当に庶民的にー、皆さんが普通のお昼として食べるようなものを、普通に、食べるっていう、そんな感じのお店がいいんですけど。
オペレーター: その点では、ここは外した方が、こういう感じの所は外した方が良いということで、よろしいでしょうか。,カスタマー: そうですね。ちょっと、興味はある、一望できるってのは、興味はあったんですがー、こ、ここ、ここはやっぱり、い、し、皆さんが、長崎の皆さんが普通に食べるような、トルコライスを食べてみたいと思います。
オペレーター: なるほど。ではですねー。もっと普通な所で、お調べしますね。,カスタマー: はい。
オペレーター: じゃあ例えばホテルの中とかも雰囲気違って嫌ですよねー、そうですよねー。もっと庶民的な所を、じゃあ何件か。,カスタマー: そ、そうですね、そう、そうです、そうですねー、はい。
オペレーター: ぴったりなのかなー、という、ランチタイムに行列が出来るくらいですのでー、ただ、そこまでして、トルコライス食べたくないー。,カスタマー: そうですね。そこまでしてっつうのはないですね。
オペレーター: <>、普通の所でよろしいですかね。かしこまりました。では、少々お待ちくださいねー。,カスタマー: もっと普通、普通っていうか、うん。
オペレーター: 千九百三十年に創業した、老舗の洋食レストラン…。のトルコライスっていうのはどうですか。,カスタマー: 良いですねー。その老舗のっていうのが。
オペレーター: そうですね。,カスタマー: 元祖を食べている、元祖～、に近いようなのを味わえそうな気がして、良いですね。
オペレーター: そういった意味でー、結構観光では、魅力なん、だけ、ど、特に特徴はない、っていう感じですのでー。,カスタマー: それでしたら、い、今～、さっきの方が良いですねー。
オペレーター: ではお客様、もしよろしければなんですけれどもー、ミュージアムレストラン、ですので、折角なので、この長崎歴史文化博物館の方にも行ってみますか。,カスタマー: そうですね、はい。
オペレーター: こちらでは、この長崎、歴史文化博物館の情報も、ご案内致しますね。,カスタマー: はい。
オペレーター: 締めのような感じでー、ご談義の後、ちょうど、楽しいかなー、という風に思いました。,カスタマー: 良いです、良いですねー、ええ、ええ、ええ。
オペレーター: そうですよねー。教科書とかでしか見たことないですので、是非こちらもいかがで…。,カスタマー: 大きさ感とかね、そういうの見たいと思います。
オペレーター: では、こちらも行先に入れておきますか。,カスタマー: はい。お願いしまーす。
オペレーター: 本日はご利用いただきまして、ありがとうございます。お客様、どのようなご旅行をご希望ですか？,カスタマー: 自然が豊かな場所に行きたいんですけれども。
オペレーター: 自然が豊かな場所でございますね。,カスタマー: はい。
オペレーター: 自然が豊かな場所で、行かれるご人数は、何名様ですか？,カスタマー: 2名で。
オペレーター: 2名様ですね。,カスタマー: はい。
オペレーター: お日にちと言うか、行かれる季節は決まっておりますか？,カスタマー: 夏ですね。
オペレーター: 夏頃ですね。,カスタマー: はい。
オペレーター: 自然が豊かな場所ですと、日本全国、北海道から沖縄までございますけれどもー。どちらの方面とかって、ご要望はございますか？,カスタマー: 関東方面で。
オペレーター: ご興味ございますか？,カスタマー: あります。
オペレーター: 大変、景色も美しいところでございますので、なかなか、蛍とか見る機会もございませんので、おすすめしたいんですけれども。,カスタマー: そこ、候補に、じゃ、お願いします。
オペレーター: いかがなさいますか？,カスタマー: お願いします。
オペレーター: かしこまりました。あと何か、茨城で食べてみたいですとか、なにか見てみたいとか、そういったご要望はございますか？,カスタマー: 大人でも楽しめるような。アスレチックなこと、がやってみたくて。
オペレーター: アスレチックですね。,カスタマー: はい。
オペレーター: どういたしますか？,カスタマー: 候補にお願いします。
オペレーター: あと、他に良さそうなところで。,カスタマー: なんかこう…。水中というか、海上のアスレチックみたいな？
オペレーター: 海上アスレチックですか？,カスタマー: はい。
オペレーター: とんでもないです。あと他に何か、見てみたいものとか、そういったご希望はございますか？,カスタマー: 食べ物も少し気になっているんですけれども。
オペレーター: わ、和食がよろしいですかね？,カスタマー: そうですね。
オペレーター: ただいま、今お調べいたしますので、少々お待ちください。お客様、納豆はお好きですか？,カスタマー: 好きです。
オペレーター: こちらが好評だそうで。もしよろしければ、,カスタマー: お願いします。
オペレーター: かしこまりました、はい。例えばなんですけどー、ラーメンとかはお好きですか？,カスタマー: 好きです。
オペレーター: あと何かありますか？お客様の方で。ご要望は。,カスタマー: 季節ならではの。絶景みたいなものが見れるようなスポットは、あり<>？
オペレーター: こちら国名勝？に指定されておりますので、是非、行かれたらどうかと思います。,カスタマー: お願いします。
オペレーター: かしこまりました。じゃ、こちらも候補の一つとして。,カスタマー: はい。
オペレーター: 候補の一つとして、押さえておき。,カスタマー: お願いします。
オペレーター: お客様、ケーキはお好きですか？,カスタマー: 好きです。
オペレーター: こちら、お勧めしたいんですけれども。,カスタマー: お願いします。
オペレーター: ふる、パフェ、パフェとかはいかがですか？,カスタマー: 好きです。
オペレーター: 如何な…。,カスタマー: お願いします。
オペレーター: あとなにか、お客様のほうで買いたいものとか、そういったご要望はございますか？,カスタマー: 買いたいもの…茨城の。有名な。食べ物。
オペレーター: じゃ、こちらも。,カスタマー: 候補にお願いします。
オペレーター: そういっと、そういった体験とかは、ご興味ございますか？,カスタマー: 興味あります。
オペレーター: こちらもよろしいかと思います。,カスタマー: お願いします。
オペレーター: どちらへのご旅行になりますでしょうか？,カスタマー: 沖縄への旅行になります。
オペレーター: それではいつ頃ご旅行なさるか、もうお決まりでしょうか。,カスタマー: 7月から9月の、大体夏ぐらいを予定しております。
オペレーター: では何名様でご旅行なさいますか？,カスタマー: 4名になります。
オペレーター: こちらお友達との4名様でしょうか？あるいはご家族での4名様でしょうか。,カスタマー: 家族です。
オペレーター: ご家族でございますね。では小さいお子様はいらっしゃいますか？,カスタマー: います。
オペレーター: 沖縄のどのあたりに行きたいかとかは何かご希望はございますか？,カスタマー: 非日常を感じたいっていうのなので。私が東京に住んでいるので、リラックスできるような場、場所。に行きたいなって思いました。
オペレーター: 例えば那覇は避けてみるとかいかがでしょうか。,カスタマー: はい。那覇。避ける感じで大丈夫です。
オペレーター: ではかしこまり。どうぞ。,カスタマー: 中部から北部でお願いしたいです。
オペレーター: あるいは自然のものを何か見てみるか、どちらかご希望等はございますか？,カスタマー: 自然のものを見てみたいですね。
オペレーター: ではですね、お客様、他にも何かご覧になったり、あるいはお食事のほうお考えになりますか？いかがでしょうか。,カスタマー: 沖縄なので、やはり沖縄料理がすごい気になっています。
オペレーター: ええ、,カスタマー: ので、そういった沖縄料理を
オペレーター: というような流れも考えられるかと思います。,カスタマー: そうですね、という意味であれば、昼に海側に行っ。昼に森側に行って夜に海側に行くほうでお願いしたいです。
オペレーター: はい。少々お待ち下さいませ。では夜は料理のジャンルはいかがでしょうか。どういったものでもよろしいですか？,カスタマー: 魚、刺し身とかが、魚料理をメインで食べられる場所がいいですね。
オペレーター: ですので、お客様のご希望教えていただければと思います。,カスタマー: 会社の職場と、あと親戚に持って帰るお土産を選びたいので。
オペレーター: ええ、,カスタマー: 食べられるもので、比較的リーズナブルなものがいいです。
オペレーター: ではお客様、他に何かご覧にならなくて大丈夫ですか？まだ滝一箇所しか訪問していないんですけれども。,カスタマー: そうですね。やっぱり沖縄だと魚、食べるのも有名なんですけれども。
オペレーター: ええ、,カスタマー: なんか見るほうも発掘したいなと思ってるんですけども。
オペレーター: そうですよね。,カスタマー: どこかそういうスポットがあれば紹介していただきたいです。
オペレーター: いかがでしょうか？どちらかお選びになりますか？,カスタマー: 私個人もちょっとび、ジンベエザメは見てみたいので。
オペレーター: お客様、どのようなご旅行をご希望でしょうか？,カスタマー: アバウトなんですけど、綺麗な景色を見にいきたいなーと、思ってます。
オペレーター: お客様、ご同行者様は、何名になりますか？,カスタマー: んじゃ、彼女と二人で、行こうと思い<>。
オペレーター: 例えば綺麗なお花を見たいですとか、景色を、空気を見たいですとか、ご要望はございますか？,カスタマー: 特に決めてはいないんですけど、なん、何大景色とか、あるじゃないですか？日本の。その中の、どれか。良さそうな所に行けたらな―、と思ってます。
オペレーター: あと、行かれる時期はいつ頃の予定でしょうか？,カスタマー: そうですね、過ごしやすい時期がいいので、春か秋ー頃、で考えてます。
オペレーター: 例えばなんですけれども、具体的にですね、東日本側がいいですとか、南側がいいですとか、具体的なご要望があると、よろしいんですけれども、,カスタマー: できたら西ー、の方がいいです。
オペレーター: お客様の方でー、何か見てみたいですとか、食べてみたいですとか、そういったご要望は、ございますか？,カスタマー: 今三重、近畿、中国地方だったんで、きゅ、九州で。
オペレーター: 九州で。,カスタマー: 桜が綺麗な所を、
オペレーター: そしたらですねー、鳥取の方でー、ご案内したいかと思うんですけれどもー、例えば鳥取で、何か食べたいですとかー、見て、他に、他に見てみたいものとか、そういったご要望はございますか？,カスタマー: 見てみたいもの…さっき鳥取砂丘とか、ご案内してもらったんで、多分鳥取は、それぐらいかなと思うんで、何か食べ物があれば。
オペレーター: では、本日、早速ですけども、ご旅行の、まず行き先、ご人数などですね、教えていただいてもよろしいでしょうか？,カスタマー: 今のところ北海道に妻と2人で。
オペレーター: 北海道。,カスタマー: 行きたいなあって思ってます。
オペレーター: で、そちらのほうに行って何かやりたいみたいなの。,カスタマー: できれば。
オペレーター: あれば。,カスタマー: 松山千春の実家か訪れてみたいですね。
オペレーター: アロマのお土産みたいな。,カスタマー: 広い花畑を見てみたかったなあっていう感じですかね。
オペレーター: 花畑であれば、何だろう、何でも、何でも、特に、こだわりじゃないけど、きれいであればって感じですかね？,カスタマー: できれば北海道特有のというか名産のというか、だったら、なおさらいいですけどね。
オペレーター: 行く季節。,カスタマー: 季節はー、夏がいいですかね。
オペレーター: で、庭園のほう、今ご案内させていただいたんですけど、他に何か見たいものとか、ございますか。,カスタマー: 一つには、やっぱり北海道なんで地平線が見たいのと、今のところで見れればそれでいいんですけど。それと、あと、できれば牧場、牛なんかの、広い。
オペレーター: 牧場。,カスタマー: 牧場なんかも近くにあれば見たいかなっていう感じですかね。
オペレーター: ありがとうございます、どちらへのご旅行になりますでしょうか。,カスタマー: 週末に沖縄に行くことになってー。
オペレーター: 左様でございますが、では沖縄へのご旅行でございますねー。,カスタマー: そうですー。
オペレーター: ありがとうございます、週末というのは、今度の週末とかでよろしいですか。,カスタマー: 再来週の週末なんですけどー。
オペレーター: では、再来週、冬の時期にあったご旅行先ということでよろしいでしょうか。,カスタマー: はい、はい。
オペレーター: かしこまりました、では何名様でのご旅行になりますか。,カスタマー: 一人なんですけどー。
オペレーター: お1人様でございますね。,カスタマー: はい。
オペレーター: かしこまりました、では本日承りますのがー、こちら沖縄へのご旅行で、時期が冬、一名様ということでお間違えないでしょうか。,カスタマー: そうです。
オペレーター: ありがとうございます、ではまずですね、沖縄に行ってメインでどういうことをしたいか、決めていきませんか？,カスタマー: お願いしまーす。
オペレーター: ではですね、お客様、沖縄に行って何をしたいか何かご希望ございましたら、アイデアをいただけますでしょうか。,カスタマー: 沖縄と言えば、海なんで、ビーチに水遊びじゃないですけど、ゆっくりしたいなあとか、リラックスですね、
オペレーター: ではビーチでお調べしてもよろしいでしょうか？,カスタマー: お願いしまーす。
オペレーター: かしこまりました、ではお客様、沖縄のなかでー、例えば7のような南部と、あと北部、どちらがよろしいでしょうか。,カスタマー: 沖縄よく分からなくてー、でも島行ってみたいです。
オペレーター: 都会感が強すぎますしー<>。,カスタマー: できれば離島に行ってみたいんですけどー。
オペレーター: 左様でございますか、では、那覇からはな、沖縄の本島ですね、から離れた離島がよろしいでしょうか、それとも本島からすぐに行ける離島がよろしいでしょうか。,カスタマー: 近いほうがいいですねー、あんまり移動の時間はとりたくないんでー。
オペレーター: アクセスとしても非常に便利ですしー、こちらですねえ、那覇のバスターミナルから40分となっておりますのでー、えアクセス良く、例えばですねこのビーチを楽しんだ後にほかのものを見るとかー、そういった点でもこちらの立地は非常に良いのではないかなと思ったんですけど、えいかがでしょうか。,カスタマー: そこ候補にしたいですね。
オペレーター: もっとたくさんビーチづくしで、次もビーチ、前もビーチみたいな感じで行くのとー、それかほか例えばお買い物をするとかー、何か、もちろんお食事は別途お考えいただくのが良いんですけれども、お買い物系とかー、あるいはどうでしょう、もっとビーチで行くか、別のアトラクションがいいか。,カスタマー: 話が飛んでしまうんですけどー、離島で牛がひっぱる車に乗るのってあるじゃないですか<>あれ一回乗ってみたいんですよねー。
オペレーター: 石垣島の方にも、こちら水牛が車をひっぱってー、海の中の、海岸沿いですか。,カスタマー: それがいいですねー、うーん。
オペレーター: そうですね、体力を使うような<>それにお客様冬ですと、このセグウェイ、外は寒いかもしれませんね。,カスタマー: そうですね、あんまり汗かくことはしたくないんでー。
オペレーター: ではもしよろしければ、こちらの水牛の車に乗る観光がちょうどよいかなあと思ったんですけれども<>。,カスタマー: はい、それがいいです。
オペレーター: ではこちら平田観光と言いますので、こちらをリストに加えておきますね。,カスタマー: はい。
オペレーター: ではですねー、沖縄の郷土料理でお調べしてみましょうか。,カスタマー: はい。
オペレーター: そうですよね、お客様そうなりますと、アグー豚のしゃぶしゃぶ食べても、沖縄って感じしませんかね？,カスタマー: でも好きなんでー、OKです。
オペレーター: 私共の方に映っている写真を拝見しますとー、アグー豚のしゃぶしゃぶでしたりー、あとーちょとレア感が残ったー、アグー豚のとんかつ<>そういう、お客様がよろしければ、もちろんこちらおすすめなんですけどもー、これ東京でも食べられるよって、つっこまれるときついところがございますので、もしよろしければ、ほかのところもお調べしましてー、比較していただくのが一番いいかなと思います。,カスタマー: そうですねー。
オペレーター: ではですね、ほかのジャンルもお調べしてよろしいですか。,カスタマー: お願いします。
オペレーター: 沖縄お魚って感じでもないのかなあっていう気はするんですけれどもー、,カスタマー: なんだろう、ゴーヤとかそういうもの<>
オペレーター: ゴーヤでございますか、お客様ゴーヤはお好きですか。,カスタマー: 好きですー。
オペレーター: お客様、麺類はお好きですか？,カスタマー: 好きですー。
オペレーター: こちらですねー、沖縄のソーキそばがございますねー。,カスタマー: 沖縄料理は全般的に好きなんで何が出てきてもいいです。
オペレーター: なるほど、お店のご提供の仕方としてはー、ソーキそばのところはソーキそばばっかりが多くて、そうでしたらやっぱソーキそばも食べれるしー、沖縄料理のようなものも食べれるお店のほうがいいですかね。,カスタマー: はい。できれば、そのほうがいいですね、いろいろつまめるみたいな、
オペレーター: そうしますと、ゴーヤチャンプルも食べれるしー、島豆腐も食べれるしー、もとぶ牛も食べれるしー、アグー豚も食べれるしー、やんばる若鶏も食べれ、たぶん全部は食べれないですけれども、,カスタマー: 食べきれるか分からないけど、でもこのお店いいですね。
オペレーター: なので、ここは夕ご飯にしてー、お昼は別の場所お調べしてみましょうか。,カスタマー: お願いします。
オペレーター: さっきの話だとソーキそばとかになりますがー、例えば夜はこういった和食ですのでー、お昼は洋食にするとか、あるいはもっと、,カスタマー: でも沖縄で洋食、あんまりピンとこないでソーキそばでいいかなあ。
オペレーター: たぶん長袖はみなさん着てるんじゃないかなと思うんですけど。,カスタマー: テイクアウトもありなんで、
オペレーター: 私共の方でご案内できるお店がですねー、例えばソーキそばの専門店のようなところがいいかー、あるいはー、ソーキそばとセットで、ほかのランペイとか、そういったこう定食のような感じになっているお店がいいかー、<>。,カスタマー: 定食のほうがいいかなー、
オペレーター: 今さっき申し上げましたようにタコスみたいな洋食もございますしー、こういう沖縄の伝統料理のようなものもございますしー、どうでしょう。,カスタマー: そうですね、そのパターンでいってみようかな。
オペレーター: では、先ほどのタコスの店はなしにしますか？,カスタマー: タコス、一応教えといていただけます。
オペレーター: まずタコスのお店が何度も申し上げまして申し訳ございませんが、タコス専門店タコヤ国際通り店でございますね。,カスタマー: はい。
オペレーター: そして、夕ご飯は美食ダイニングえん沖縄でお召し上がりいただくということでよろしいでしょうか？,カスタマー: OKです。
オペレーター: ではまず行き先から伺ってもよろしいですか？,カスタマー: 北海道に行きたいなーと思ってます。
オペレーター: ちなみに時期はいつごろでしょう？,カスタマー: 時期は夏ですね、
オペレーター: 夏の北海道ですね。,カスタマー: 夏の北海道一応行きたいなーと。
オペレーター: で、やりたいこと、例えばなんか、あったりしますか、具体的に。,カスタマー: 友人と行こうと思ってるんですよ、男2人で。
オペレーター: なるほど。,カスタマー: 北海道のワインて結構今、ブームっていうか人気が出てきてるなって話をちらっと聞いて、僕も好きなんで、グルメ観光と合わせながらワイン、ワインツーリズムなんてよくよく、最近聞くんですけど。
オペレーター: ワイン。,カスタマー: 言わばワイナリーをわってみたいなっていう、
オペレーター: ちょうどうん。,カスタマー: 行けるにはいいかなと、でーそうだなー。お昼、ランチと夜、夜やっぱジンギスカン有名じゃないですか。
オペレーター: ジンギスカンですか、,カスタマー: 札幌周辺で過ごしたいなと思ってるので、美味しいところを探してもらうことできますか？
オペレーター: ワイン。,カスタマー: 広ーい、やっぱおひ、北海道広いんで、自然を楽しめそうなところ、ちょっと抽象的かなぁ、あのー公園でもすごいでかそうなんで、そういう
オペレーター: 自然、,カスタマー: 地元の人が行くっていうか、楽しめそうな、アクティビティというか、それもできそうなところってありますかねー。
オペレーター: とか、,カスタマー: あとそうだなー。夏だからこそ北海道を楽しめそうなところってあります？ちょっと抽象的か、
オペレーター: 動物とかって、お好きですか？,カスタマー: あーいいですね、動物、動物ふれあいたいですね、
オペレーター: お客様、どのようなご旅行をお考えでしょうか？,カスタマー: 65歳以上の、両親とー、私の3人家族でー、北海道を、冬の北海道を、観光してみたいと考えています。
オペレーター: 北海道でですね、ご家族でー、どちらに行きたいですとかー、何かを見たいですとかー、そういったご要望はございますか？,カスタマー: 冬に行きますので、できれば、北海道の冬の自然をー、満喫できるようなところにー、一箇所は行ってみたいと考えています。ただー、ずっとその寒いところだとー、両親がたぶん高齢なのでー、体がこたえると思いますのでー、あったかい食べ物？北海道の温かい、その地の食べ物、をー食べて、体を温めたいなーとゆう風にも考えています。
オペレーター: どの辺りに行きたい、とか、ご要望はございますか？,カスタマー: 一点はー、流氷とかー、岬？襟裳岬とか<>、岬、自然を満喫してー、で、もう一箇所はー、冷えた体をー、温泉で温めたいなと思ったんですけどー
オペレーター: あとですね、なにかー、お客様の方でー,カスタマー: もしー、道内でー、温泉って、飲む、ことができる温泉も数少ないんですけど、ありまして、そういうところがあればー、今ご紹介いただいた温泉も、いいんですけどー、ちょっと、行ってみたいなって思いがあります。あとはー
オペレーター: 行ってみたいなって思いがあります。あとはー,カスタマー: 北海道、結構、何でも美味しいものがあるのでー、美味しいスイーツとかも、お土産で買いたいなってふうに思っていますー。
オペレーター: どーいった、どーゆー場所に行きたいとか、どーゆー感じの場所行きたいみたいな目的とかって、決まってます?,カスタマー: そーですね、エリアは決まってないんですけど。軍港をゆっくり眺めるみたいな。
オペレーター: なるほど、ぐん、軍港、例えば、どことかあります?何軍港とか。,カスタマー: 横須賀とかは、見て回るクルーズツアーみたいのがあるらしいんですけど。
オペレーター: はいはいはい。,カスタマー: そうですね、候補としては、多分、広島か佐世保になるのかな?残りは、その3つのどれかになるのかなーと、思ってるんですけれども。
オペレーター: ちなみに、どなたと行かれるみたいな感じですか?何人位で行くみたい。,カスタマー: そうですね、2人、友人と、
オペレーター: 兼ねていたとゆー場所、ちょっとこれは違いますよね。,カスタマー: 多分、日本で軍港って表現したのが悪かったんですけど、基地ですね。
オペレーター: こーゆーのは、ちょっとズレますよね。,カスタマー: でも、周辺を色々見るって感じでいいので。
オペレーター: 呉周辺で、例えばお食事処だったりを探すとか、別の方向にシフトしても大丈夫ですけど。,カスタマー: そうですね、呉周辺で。そうですね、さっきの公園で、食べたいので。
オペレーター: なる。,カスタマー: テイクアウトのお店を。
オペレーター: 出て来ないかな、少々お待ちください。,カスタマー: まなかったら、普通にランチとかで。
オペレーター: 特に、まだ、決まってないんですか,カスタマー: <>はい、土日かなーって感じです。
オペレーター: よろしくお願いします、ご利用ありがとうございます、今回は、ご旅行、どのような感じで考えてらっしゃいますか？,カスタマー: 大阪なんですけど<>、家族4人で、観光したいと思っているんで。
オペレーター: 季節とかなにかご希望ございますか？,カスタマー: 冬を考えてます。
オペレーター: じゃああまり指定はしないで、あとなにか、したいこととかってありますかね？,カスタマー: 本当はユニバーサルスタジオに行きたいんですけどー、<>のあと時間がもうどっかり取られちゃうんでー、
オペレーター: 一応、遊ぶとか見るとかっていうのでー選択ができるんですけれどもー、一応、<>。,カスタマー: そうですね、はじめて行くので、中心部に行ってみたくってー、心斎橋っていうんでしたっけ、とか通天閣とか、ああいうとこは行ってみたいです。
オペレーター: その他、もうそろそろお昼とかになると思うんですけど、お昼とかー何か召し上がりたいものとかありますか？,カスタマー: 大阪らしいものっていうことで、<>たこ焼き、とか、な。
オペレーター: <>出てきてるんですけれどもー、一応、ミナミのベイエリアっていうところが、この通天閣の近くなんですけれども、和食であったり洋食であったり、何かありますか、ご指定は。,カスタマー: たこ焼きとかそういう、
オペレーター: お店に入って食べたほうがいいですか、それとも外で食べたほうがいいですかね。,カスタマー: 外で、食べるのもいいですね。
オペレーター: いろいろあるんですが、和食と洋食どちらがいいですか？,カスタマー: じゃあ、和食でー。
オペレーター: 早速ですけども、ご旅行の、具体的な、日取りや場所など、教えていただいてもよろしいでしょうか？,カスタマー: ちょうど来週ぐらいかな、休みがとれそうなので、この時期行ってみたいなという、行ってもいいかなという感じがしてます。
オペレーター: で具体的ななにかしたいとかはありますか？,カスタマー: 仕事であちこちは行ってるんですけども、結構今時ってどこでも同じような、例えば九州行ったって北海道料理とかですね、逆も、九州行っても、北海道行っても九州料理みたいなのがあって、どこでも一緒かなぁというのが多いんですけど、そんな中で、やっぱりその土地ならではの、こう名物料理で、美味しいものがあったら食べてみたいなぁと思うんで、おすすめのところがあったら行ってみたいなーって感じはするんですけど。
オペレーター: ごめんなさい。そちらは、人数などって決まってらっしゃいますか？,カスタマー: 1人でぶらっと行ってみようかなと思っています。
オペレーター: もありますし、エリアを多少絞りたいので、ち、地方を。,カスタマー: だと、今やっぱり寒いので、少し暖かいところがいいかなという気はしますけど。
オペレーター: 暖かい方。,カスタマー: より寒いところ行くというよりは、暖かい方がいいかなって感じはするんですけど。
オペレーター: 和風な方がいいですよね、和風な方が。,カスタマー: いやそんなこともないんだけど、特徴、せっかく行くんだ、九州まで行くんだったら、思い出に残るようなところに行ってみたいなと思って。
オペレーター: 本日はご利用いただきまして、ありがとうございます。お客様、どのようなご旅行をお考えでしょうか？,カスタマー: 友達と二人で、関西の方に行きたいと思ってるんですけど。
オペレーター: いつ頃の予定でございますか？,カスタマー: そうですねー、4月ぐらいで考えてます。
オペレーター: そういったご要望はございますか？,カスタマー: 関西なので。すごい食べ歩きとかー、できたらいいなーと思ってるんですけど。
オペレーター: 食べたいもので、何かこれは食べたいですとかー、そういったご要望はございますか？和食がいいですとか。,カスタマー: 食べ歩きできるようなイメージでー、例えば。なんだろうな。串カツ？串カツとか、たこ焼きとか、そういうお好み焼きとか、そういう系のもの？が食べたいなーと思ってるんですけど。
オペレーター: うんうん。,カスタマー: でもせっかくなら夜景見たいかなって思いました。
オペレーター: そういったご要望はございますか？,カスタマー: 買いたいもの。お土産とかですかね？
オペレーター: ええ、ええ。はい。,カスタマー: 大阪の、グリコの、グリコの場所というか、あの有名な場所あるじゃないですか。
オペレーター: ええ、ええ、ええ、ええ。,カスタマー: あの辺、あの辺って、なんかあるのかなって思ったんですけど。
オペレーター: フフ、すごい楽しみですね。,カスタマー: 甘いもの？
オペレーター: 甘味処みたいな。,カスタマー: そういうのも知りたいです。
オペレーター: あとなにか、お客様のほうで、何かご要望はございますか？,カスタマー: 今のプランで満足です。
オペレーター: 今回はどのようなご旅行をご希望ですか？,カスタマー: 友達と2人で、旅行に行こうと思ってて、でー、あ静岡県に行きたいんですけど。
オペレーター: 静岡はどこか、こことかありますか？,カスタマー: そうですね、特に、行き先とかを、地方とかを決めてないんですけど。静岡なので、電車で旅行しようかなと思ってて。景色のいいところに、を見に行きたいなと思ってて。
オペレーター: どちらの方がいいですか？,カスタマー: そうですねー、まずとりあえず海がみたいので、伊豆とかの方かなー。伊豆じゃないですね、そういうそっちの海の方が見たいかなと思いますね、
オペレーター: 季節は今回はいつ、春で、すね。,カスタマー: そうですね、これから暖かくなったら行こうかなと思ってるんで。
オペレーター: それ以外では神社とかはお好きですか？,カスタマー: そうですね、神社好きですねー。
オペレーター: お食事とかはいかがいたしますか？,カスタマー: そうですね、せっかく海沿いにいるんで、魚関連の何かが食べれたらいいかなと思うんですけど。
オペレーター: お刺身とかはお好きですか？,カスタマー: そうですね、お刺身大丈夫です、
オペレーター: 金目、のこのじ、地元で捕れる金目鯛はブランド魚って書いてますね。,カスタマー: じゃあ、奮発して、たの旅行なんで、そういうところで、金目のしゃぶしゃぶはすごい美味しそうなんで。そこでお昼食べようかなって思うんですが、
オペレーター: そうですねこの、金目鯛特にすごく脂が乗っていて、お刺身とかあと漁師煮、浜焼き、唐揚げすごい色々も、メニューがあるみたいなんで、楽しんでいただけると思います。,カスタマー: そうですね、そう、やっぱお刺身だけだとね、寂しいので、色々食べれた方がいいかなと。
オペレーター: あとお土産とかいかがでしょうか？,カスタマー: そうですねー、お土産ー、家に親とかに買っていきたいんですけど、ぎょ、ぎょー、魚の加工品とかそういうものを扱っているところって近くにありますかね？
オペレーター: あとはなにかご質問と他になにかやってみたいなとかございますか？,カスタマー: そうですねー、海の方見たんで、海じゃないや、山とかそういう景色がいいところがあれば教えていただきたいんですけど。
オペレーター: 山がいいですか？,カスタマー: そうですね、山の方であれば、例えば湖とかダムとかそういう緑の風景が見れたらいいかなと思うんですけど。
オペレーター: あとはなにかご質問とか行きたい場所、欲しいものとかございますか？,カスタマー: そうですね、お土産とかももう買ったので、もう1箇所見に行くか、あとは夕飯の場所もちょっと考えときたいかなと思うんですけど。
オペレーター: 何がいいですかね、和食か洋食かとかありますか？,カスタマー: そうですねー、お昼和食というかお魚だったので、ー、和洋どっちでもいいんですけど、おに、お肉が食べられるようなお店を教えていただきたいと思いす。
オペレーター: 夜は17時から21時までやっていますが、夜は要予約なのでご注意ください。,カスタマー: 予約、ガッツリ、ステーキとかハンバーグみたいなお店がもしあったら、教えていただきたいんですけど。
オペレーター: 少々お待ちください。,カスタマー: バーベキュー的なものでも、いいんですけどそういうのがあったらいいかなーって今思ってます。
オペレーター: 今回ご旅行はー、どちらの方面とかーをご希望されていらっしゃいますか？,カスタマー: 大阪の方で、ちょっと考えておりまして。
オペレーター: 大阪ですと、何人ぐらいのかたで回られる予定でございますか？,カスタマー: 今二人で、友人と二人で、
オペレーター: 特に大阪でー見たいものとかってありますか？,カスタマー: お笑いーの多分劇場とかそーゆうのあると思うんですけど、そーゆうの、とかー。あとは大阪らしい物なんか食べたいなとか、あはは、考えてす、
オペレーター: 演芸みたいな形でよろしいですかね。,カスタマー: お笑いー、だったら。
オペレーター: 他に何かご覧になりたいものとか、ありますか？,カスタマー: 見たいもの、は、そんなに、ない、
オペレーター: では何か歩き、歩きながら。,カスタマー: 食べ歩きとかー、たこ焼き食べた、美味しいたこ焼き屋さんとか。
オペレーター: こちらも、中で食べる事も外で食べる事も出来そうな感じのとこなんですけれども。,カスタマー: 何か出来ればイートイン出来る、寒そうなんで時期的に。
オペレーター: そうですね。,カスタマー: な、なのでさ、よ、中で食べれるような所があれば、いいなってゆう思いで。
オペレーター: お店の中でも食べられまして、当然お持ち帰りも出来るんですけれども、このお店はいかがでしょうか。,カスタマー: そこで、是非お願いしたいでーす。
オペレーター: 串カツとかご興味ありますか？,カスタマー: なんか大阪らしい食べ物食べたいと思ってて、やぱ関東なので、すごい、そーゆうなんか、大阪らしい食べ物食べたいなってゆう。
オペレーター: 一応今道頓堀で検索かけたんですけれども、新世界の方で変えてみますね。,カスタマー: 良かった新世界で、
オペレーター: 煮込み料理とかがあるのはーいっとくっていう、串カツいっとくってとこ、お写真では煮込み料理みたいなものも、一緒に出てまいります。,カスタマー: なるほど、土手焼きとかも食べたいなって思うんで。だったら煮込みとか、あったほうがいいですもんね、
オペレーター: いろんなものが、あるので,カスタマー: 串カツだけじゃなくて、いろんなものが食べたいね。
オペレーター: 手作りソースもフルーティーであっさりしているって事で女性になんか人気があるようですね。,カスタマー: 行ってみたいです、
オペレーター: お好み、お好み焼きじゃなくて、え、たこ焼きを食べてー、串カツを食べて、今いっぱい食べてきてるんですけれども。,カスタマー: うふふ、観光したい、観光、
オペレーター: お好み焼きとかはいかがですか？,カスタマー: 夜にホテルで高いディ、いい感じのディナーとかを食べたいなって思っててー。
オペレーター: じゃあ新世界で、見られるものとかを探してみますね、,カスタマー: 観光とかショッピングしたいなみたいな。
オペレーター: と、,カスタマー: あ、ちょっと記念に登ってみたいです、
オペレーター: とー、なか。,カスタマー: あとは散策、さっきみたいに、さっきおっしゃっていただいてたちょっとあの辺、ぷらぷらしようかなーって思って。
オペレーター: 特にいろんなお店が沢山ありますので見て回る事は本当にか、簡単に、出来ると思いますので、よろしいんじゃないかと思われます。,カスタマー: じゃそれで、そんな感じで行きたいです、
オペレーター: いろいろ食べ歩きされているんですけれども、では夕飯とかーいかがいたしますか？,カスタマー: 夕飯は友達が誕生日なので、あのー、ホテルの、お祝いしたいなって思ってるんですけど。ホテルのディナーみたいな感じでなんか、はい。
オペレーター: ホテル―ですと、何料理がいいですか？,カスタマー: 何がいいかな、イタリアンとか、えへへへへ。
オペレーター: ホテルの中がよろしいんですよね。,カスタマー: 景色がいいとこがいいなって思ってます、
オペレーター: もうお食事決めてはしまったんですけれども、甘いもの屋さんとか、スイーツとか、にお立ちよりするっていう、のことは、歩いてる時に、お店、選んでみたいとありますか？,カスタマー: 可愛いカフェとかちょっと行きたいなとか、流行ってる、韓国系のカフェとか。よく鶴橋とか聞くんですけど、大阪の。
オペレーター: 甘味処。,カスタマー: 甘味、いや、ケーキとかがいいです。
オペレーター: 東京の新大久保に、お店がある、みたいで、それに次ぐ二店目ていうふうには書かれているんですけれども。,カスタマー: できれば、大阪にあるー、ないのがいいかなーみたいな思うんですけど。
オペレーター: 本日はご利用いただきましてありがとうございます。お客様、どのようなご旅行をご希望でしょうか？,カスタマー: 春に伊豆旅行に行きたいなと考えてます。
オペレーター: かしこまりました。お客様、何名様のご旅行の予定ですか？,カスタマー: 妹と二人で行きたいです。
オペレーター: お待たせいたしました。お客様伊豆の方で。,カスタマー: 海を見たいっていうのと。春なので桜とか綺麗なところがあれば一緒に見たいなと思います。
オペレーター: そういったご希望はございますか？,カスタマー: 妹が結構生き物が好きなので。
オペレーター: が有名なんですけど、お好きでしょうか？,カスタマー: 海鮮丼食べたいなーって今思いました。
オペレーター: あとお客様他に何か食べてみたいですとか何か見てみたいですとかそういったご要望はございますか？,カスタマー: スイーツとか。おしゃれなスイーツとかカフェとかが
オペレーター: こういったものもございますけれども、ご興味ございますか？,カスタマー: 海産物が色々見れるお店とかがあったら。
オペレーター: では、場所はどの辺に行きたいとかってー、もう決まって、いらっしゃいますか？,カスタマー: 四国地方のほうに、行ってみたいなーと思ってるんですけどー。
オペレーター: ちなみに季節とかー、どういった方と行くとかってー、もう決まってらっしゃいますか？,カスタマー: もうすぐ春休みなんでー、その春休みになったら両親と行こうかなっと思ってるんですけど。
オペレーター: ご要望とかってあります？、ちょっと古風なところがいいとか。,カスタマー: 雰囲気…、古風…ふる、古めのって言うのも変ですけど。
オペレーター: 歴史を感じるような…感じの所ですかね？,カスタマー: そういう感じのところが、いいです。
オペレーター: 他の県のも調べてみますか？,カスタマー: でも香川県ならちょうど、おうどん食べたいなって思っていたので、いいなーと思って。
オペレーター: 例えば自然スポットだったりとかー、他になんか行きたい場所だったりとかってー、あったりしますか？,カスタマー: 私、歴史系のところ、見るのが結構好きなんでー。
オペレーター: なるほど。<>,カスタマー: 四国とかだとー、あれですよね、土佐藩とか。高知とかなんでー、そういうところ一箇所ぐらい見れたらなーと思うんですけどー。
オペレーター: 一応、もう少々、ご紹介いたしましょうか？,カスタマー: でも今度夕飯とかのほうをどうしよっかなと思って。
オペレーター: 少々お待ちください。,カスタマー: なんか夕飯…夕飯を<>
オペレーター: 夜はどんなものが食べたいとかってご希望はございますか？,カスタマー: どんなもの？両親もせっかくいるので、豪華な…豪華なっていうのあれですけど、ものが食べたいかなと思うんですけどー。
オペレーター: 豪華なもの。和食がいいとか、洋食の方がいいとかってございますか？,カスタマー: でも、お昼が和食だったので、夜は洋食で食べてみたいかな<>、
オペレーター: ほか何かしたいとかーってございますか？例えばお買い物でしたりとかー,カスタマー: なんかお土産を買っておきたいなって思うんですけどー。
オペレーター: じゃお土産が買える場所を近くで調べさせていただきます。,カスタマー: できれば、食べ物系より、物の方が、残るようなものの方がいいかなって思うんですけど。
