previous_operator_utterance,current_utterance
オペレーター: お客さま、どのようなご旅行をお考えでしょうか？,カスタマー: とー、北海道に旅行がしたいんですけれども。
オペレーター: 出発されるお日にちは、あ、出発される季節はいつ頃になりますか？,カスタマー: とー、夏頃に予定しています。
オペレーター: はい。,カスタマー: カニとかが好きなので、カニがおいしいお店に行きたいです。
オペレーター: そうですね、あとですね、カニの他にもですね、あのー、北海道ですと大変、あの、魚介類が豊富ですので、カニを堪能しつつ他の料理も食べたいとか、そういったご要望はございますか？,カスタマー: そうですね。あ、他の海鮮料理も楽しみたいです。
オペレーター: はい。,カスタマー: あのー、イクラとかも結構好きなので気になります。
オペレーター: あとですね、あのー、他になんか、あのー、観光してみたい場所ですとか、そういったご要望はございますか？,カスタマー: とー、なんか絶景が楽しめる場所に行ってみたいです。
オペレーター: はい。,カスタマー: 動物とかがいるような。
オペレーター: あ、かしこま…。,カスタマー: もう、雄大な。うん。
オペレーター: はい。あとですね、あの、他に何か見てみたいですとか、あの、食べたいものとか、ご要望はございますか？,カスタマー: あと夜景が楽しめる場所だとかに行ってみたいです。
オペレーター: あ、はい。大丈夫です。はい。,カスタマー: とー、ヒマワリとかを見に行きたいんですけれども。
オペレーター: あと、そうですね、お客さまのほうで何かあと、あの、買いたいものですとか、他にご要望はございますか？,カスタマー: とー、ラーメンとか。
オペレーター: 本日はご利用いただきまして、ありがとうございます。お客様、どのようなご旅行をお考えでしょうか？,カスタマー: あ、はい、えっとですね、夏にー、あのー、一応7月の末ぐらいから8月かけてなんですけど、ちょっと友達と、あのー、あの和歌山に行こうと思ってまして。
オペレーター: はい。,カスタマー: でー、まあちょっとそれは1つは、あの、仕事の用事でも行くんですけど、でも結構、自由時間とか前後の時間で、まあ観光したいなと、フフ、いうことで、はい。
オペレーター: あ、はい、はい。,カスタマー: でー、じゃ、ちょっと、い、行ったこともない場所なんで、ちょっとどんな、こうスポットがあるのかとか、そういうのをすごいあのー、フフ、初歩的なとこを今日は知りたいなと思いまして。はい。
オペレーター: はい、本日はご利用いただきまして、ありがとうございます。お客様、どのようなご旅行を希望でしょうか？,カスタマー: そうですね、ちょっと九州が行ったことが無くて、ちょっと今度卒業旅行みたいな感じで行きたいなって思っているので、ちょっとどういった所が良いかなっていうのをお聞きしたいです。
オペレーター: はい、はい、えぇえぇ、はい、はい、はい、あっかしこまりました。はい、お客様卒業旅行となりますと、あのー春頃に行かれるんですかね？,カスタマー: そうですね、3月…ぐらいを予定してます。
オペレーター: はい。3月くらいで。はい、何名様…の予定ですか？,カスタマー: 一応3人くらいの予定があります。はい。
オペレーター: はい、お客様、あのー九州なんですけれども、例えば九州のどのあたりとかそういったご要望はございますか？,カスタマー: そうですね、1回も行ったことがないので、福岡はまず行ってみたいっていうのと、あとはまぁ隣接してる長崎であったり、大分であったり、まぁそういった<>良いかなっていう思いはあります。
オペレーター: はい、あとそうですね、えーっと、福岡市内で…例えば…何か食べたい物とかそういったご要望はありますか？,カスタマー: そうですね、結構有名なのが。
オペレーター: えぇ。,カスタマー: めんた、明太子とかもつ鍋とか。
オペレーター: あーそうですよね。えぇ。,カスタマー: 特にもつ鍋とかは有名なんですけど、なんか、ゆう、なんかお店とかでオススメとかがあれば、まぁ教えてほしいですね。
オペレーター: はい。,カスタマー: じゃあ逆にお昼頃とかに、なんか、博多ラーメン、まぁラーメンが結構好きなんで、なんか、そういう。
オペレーター: えぇえぇ。<>。うん。食べれるお店とかがあれば、まぁお土産とかでもいいんですけど。,カスタマー: えぇえぇ。<>。うん。食べれるお店とかがあれば、まぁお土産とかでもいいんですけど。
オペレーター: えぇー、せっかくですので、うん、はい、今お調べいたしまーす。,カスタマー: <>のところを、はい、気になるのでちょっと調べていただけると、はい。
オペレーター: はい、こちら最寄りの駅が出島…という出島え、駅ですね。はい、となっておりますね、はーい。あと何か食べたいものとかご要望ございますか？,カスタマー: あーはいそうですね。やっぱ長崎だと。
オペレーター: えぇ、えぇ。,カスタマー: まぁ長崎ちゃんぽんと、まぁ佐世保バーガーは知ってるんですけど。
オペレーター: はい。,カスタマー: まっそれで有名なとこでも良いですし、なんか他に長崎と言えばみたいな物があれば教えてほしいです。
オペレーター: はい…あとそうですね。,カスタマー: 1つすいません。聞きたいんですけど。
オペレーター: えーっとですねこちらがですね、はい。えーとですねすいません、あのーですね、今ただいま調べたんですけれども、ちょっと具体的なお酒…の品種がですね、ちょっとすいませんこちらの方で出てこなくてですね。,カスタマー: あーなんか多分焼酎とかが有名だと思うんですけど。
オペレーター: あー、あっそうですか。はい。じゃ、もうちょ、えぇ、ただいまお調べいたします、少々お待ちください。,カスタマー: ちょっともしかしたら下の熊本とか鹿児島の。
オペレーター: あーさようですか。,カスタマー: 薩摩の方の方が。
オペレーター: お客さま、どのようなご旅行をお考えでしょうか？,カスタマー: と、沖縄県に。
オペレーター: はい。,カスタマー: えー、1日、1日使って。
オペレーター: はい。,カスタマー: ちょっと1人で、あのー、旅行に行こうかなと思ってます。
オペレーター: 行かれる時期はお決まりでしょうか？,カスタマー: そうですね。やっぱり夏頃を考えてます。
オペレーター: そういったご要望はございますか。,カスタマー: そうですね。やっぱり有名どころでいうと、あの、水族館。
オペレーター: はい。はい。,カスタマー: とか、あと首里城とか。
オペレーター: はい。,カスタマー: やっぱメジャーなところに行ってみないな、みたいなと思ってまして。
オペレーター: はい。他にもご要望がございますか。,カスタマー: そうですね、水族館なければ動物が好きなので、動物園ってありますか？
オペレーター: はい。,カスタマー: もう帰る時に有名なお土産は。
オペレーター: はい。,カスタマー: 見て買って帰ろうかなあとは思ってます。
オペレーター: はい。何か、あのー、召し上がりたいものとか、何かご案内いたしましょうか？,カスタマー: そうですね。もう有名どころで何か食べて。
オペレーター: はい。,カスタマー: 水族館行って、お城行って、あとは、そうですね、まあ。
オペレーター: はい。,カスタマー: 自然のきれいな海とか見れたらいいかなと思います。
オペレーター: はい。,カスタマー: さっき夜景が、き、きれいってとこが出てきたんで。
オペレーター: はい。,カスタマー: 何か他に夜景がきれいなところってありましたかね？
オペレーター: はい。,カスタマー: <>も決まって、行くところも決まって、夜ご飯食べて、夜景も見れて帰るんで。
オペレーター: はい。あ、はい。,カスタマー: あと、お土産を買って帰れるんで、もう完璧かなと思います。
オペレーター: えっと今回ご旅行の、あのーご希望とかー、行きたい場所なんていうのは決まっていますでしょうか？,カスタマー: あの、友人と石川県へ行きたい。
オペレーター: えっと、季節的にはー、は、春とか夏とか、何か。,カスタマー: <>、3月ぐらい。
オペレーター: えっと、石川県ではー、何をなさりたいですか？,カスタマー: 白山て、あのおっきな山、分かりますか？
オペレーター: 少々お待ちください。,カスタマー: あそこの近くに行きたい、ですけどね。
オペレーター: あの、食べたいものとか、ありますか？,カスタマー: できれば、あら？そうだねえ。
オペレーター: あの、食べたいものとか、ありますか？,カスタマー: まあ3月だからー、まあちょっとあっちの方、寒いーので、寒いと思うんですよね。
オペレーター: はい。,カスタマー: こっちより。
オペレーター: はい。,カスタマー: 東京より。
オペレーター: はい。,カスタマー: 鍋もんとか、まあラーメンとかは、ない？
オペレーター: はい。,カスタマー: ラーメンと…。
オペレーター: ラーメンでございますか？,カスタマー: ラーメンないよね、多分ね、そっちの。
オペレーター: あらー。,カスタマー: お酒飲めないんだけども、お米…あー。
オペレーター: と、それからー、えー、あとはーやっぱりお芋を使ったお料理、あー、お菓子であったりとかー、あとーこれは、んー。,カスタマー: あのー、できればなんか、はく、博物館とか美術館とか、ある、あるー、ある<>。
オペレーター: あ、そういったところ、見たいですか？,カスタマー: そうですね。
オペレーター: あははは。,カスタマー: 行くんだったらそういうとこー、あの、ない、ところ行きたい。
オペレーター: あと、なんか一応さっき仰られてたんですけど、動物園はいくつかありまして、んっとーカピバラとか見たければカピバラがいる動物園があるんですけど。,カスタマー: 行くんだったらね。
オペレーター: あとは特に何か、あのー見たいとか、あとは買いたいとかっていうのは、ございますか？,カスタマー: あの、一応あればいーんですけど、絵？
オペレーター: はい。,カスタマー: 絵画、とかって、絵画、美術館とか美術…ある？
オペレーター: はい。,カスタマー: あるんだったら。
オペレーター: あとは。,カスタマー: え、絵の、絵の、絵の美術展…。
オペレーター: 本日は、えー、ご旅行の、えー、ご計画されているということで、えー、まず行先など、えー、決まってる範囲で教えていただいてもよろしいでしょうか？,カスタマー: そうですね、あの、青森の方、行ったことがないので行ってみたいなあと思ってます。
オペレーター: 青森県、えーと、青森県、えー、具体的に青森県のどこまでっていうのは決まってらっしゃらないということでよろしいですか？,カスタマー: そうですね、あの、家が埼玉なもんで大宮が近いので、あのー、東北新幹線で行けるところぐらいから、お、まあそっからちょっと足を延ばしてもいいかなと思ってますけど。
オペレーター: で、季節とかもし決まってれば、まだ決まってない。,カスタマー: そうですね、まあ、うーんと、雪のころはやっぱりつらいんで、はるさ、春先ぐらいがいいかなあと<>。
オペレーター: で、えーと、じゃあお一人で楽しめるようなところのほうがいいですか？なんか具体的にやりたいことがあれば、まずお調べしたいと思うんですけど。,カスタマー: そうですね、あのー、まああのー、やっぱり青森といえばー、あの、ねぶた祭なのかなと思うんですけど、まあ、夏になりますし、まああの、すごい混むと聞いてますんで、しょっぱなですから、まあ、あー、ねぶたのなんかそういった出し物みたいなのが、なんかこう展示されて<>見えたりとかですね、あとはー、やっぱり津軽三味線の、おー、まあ、ライブをみ、見たりとかですね、あのー、あとよく分かりませんけど、大間のマグロなんかもたぶんどっかで捕れるんだろうから、まあ、海産物とかも美味しいのかなと思うので、そういったところ行ったりとかできたらいいかなあなんて、まあ、漠然と思ってるんですけど。
オペレーター: 三味線を、あのー、ライブでしたっけ、そういったのを。,カスタマー: そうですね、そういうの見ながら、なんかお酒でも食事でもとれるようなところがあったら行ってみたいなあと思うんですけど。
オペレーター: はい、かしこまりました、えー、それでは、えー、まず行先についてお聞きしたいんですけどもー、具体的にどこ行きたいとかって決まってらっしゃいますか？,カスタマー: あ、北海道で考えてます。
オペレーター: あ、北海道ですねー、はい、ちなみに北海道、えー、何月ごろに行くとか、季節はどれぐらいに行きますか？,カスタマー: と、冬ですね。
オペレーター: あ、ちなみに、人数は何名様で行かれるご予定でしょうか？,カスタマー: あ、一人旅です。
オペレーター: 何か、アクティビディというか、こういうことがしたいとかー、なんかこういう場所が見てみたいとか、あとはなんか、どういうものが食べてみたいとか、そういったご希望やアイデアなんかはございますか？,カスタマー: そうですね、まあせっかく冬なので、まあ脂が乗った魚は食べたいですね。
オペレーター: はい、えーそうですね、えーとー、魚介料理のお店かなりたくさんございまして、例えば、えーとー、カニが食べたいですとか、カキが食べたいとか、そういったなんかご希望ってございます？,カスタマー: あー、カニいいですね。
オペレーター: はい、どうでしょう、もう何件かご紹介したほうがよろしいでしょうか？,カスタマー: そう、じゃあもう一件ぐらい、はい。
オペレーター: <>昼間とか何か、えーと、アクティビティだったり、どっかちょっと見てみたい場所だったりとか、お探しになったほうがいいかなと思うんですけど、<>。,カスタマー: そうですね、昼、そうですね、なんだろう、まあちょっと、そうですね、まあ写真がとれるようなスポットとかあるといいなと、冬の、はい、はい。
オペレーター: <>結構その自然、なんていうんだろ、自然の風景だったり、の方がいいでしょうか、それとも<>歴史的な例えば建造物でしたりとかー、の方がいいですか？,カスタマー: あー、そうです、じゃあ歴史的な建造物の方で。
オペレーター: それとも、もうちょっとなんか札幌から離れたところとかーでもお探しすることもできますけど、どうでしょうか。,カスタマー: まあでも、それくらいで、そうですね、まあ時計と、ありますし、<>、そうですね、大学、ねえ、そのどれぐらい歩き回って時間かかる分からないのでー、結構、そうですね。
オペレーター: そうですね、東京ドーム38個分です<>。,カスタマー: <>ゆっくり大学見て、時間が余ったら時計台やってーみたいな、そんな感じでいいのかなあと思います、はい。
オペレーター: はい、ではえっと、ここまでで一応、夕食と、まあ北海道大学と時計台で写真を撮るというところまでは、えー、決まったと思うんですが、他に何かやってみたいこととかってございますか？,カスタマー: んと、じゃあ昼食ですね。
オペレーター: はい。,カスタマー: はい、なんかお昼で<>はい、美味しいお肉とか。
オペレーター: あ、結構お昼はお肉料理がいい感じですか？,カスタマー: そうです、まあ、そうですね、ま、どうしようかな、夜魚、ねえ、魚というかカニなので、まあ、肉料理でもいいし、まあラーメンとかでもいいし、はい。
オペレーター: えーと、そうですね、やっぱあれですね、なんかちょっとコース料理みたいなやつじゃなくて、こう、なんていうか、一品物みたいなほうがよろしいですかね。,カスタマー: そうですね、まあ、ねえ、それこそ丼物二件ハシゴするくらいでもいい気持ちなので、はい。
オペレーター: ほかなんか、ラーメン以外ですと、えーと、例えばなん、なんですか、ジンギスカンとかですかね、<>料理でいいますと。,カスタマー: そうですね、はい、まあなんか、それこそ食べ歩きできるような店でもいいです、はい。
オペレーター: どうでしょう、こちらも一応リストとかにいれたほうがいいですか？それとももうちょっとほかの店とかも。,カスタマー: そー、ですね、まあそ、あーでも、今の2件どちらも良さそうなので、はい、一応リストに入れる形で、はい、お願いします。
オペレーター: ええ、ええ、あ、はい、かしこまりました、はい、かしこまりました、ではスープカリーひげ男爵と、えーとー、万屋マイキーこちらのスープカレー店2件もリストに加えさせていただきますねー。,カスタマー: 実際に行くのは一件かなという感じですね、はい、ええ。
オペレーター: あとどうでしょう、もうちょっとなんか軽めのやつとか、あの、食べ物でしたりとか、また、なんかお菓子だったりとか、そういった食事系も探しますか、それともなんか、<>全然違うやつとかでも食事じゃないやつとかでも大丈夫ですけど。,カスタマー: そうですね、あー、そのお土産も買えるようなお菓子のお店があると、はい。
オペレーター: お土産ですと、例えば、どうですかね、なんか、ちょっとなんか、ぱっと見る限り魚介的なこう、お土産屋さんとかー、ほかには、まあスイーツですね、スイーツとか、まあいくつかこう種類があるんですけど。,カスタマー: そうですね、その、スイーツで、そうです、スイーツでお願いします、はい。
オペレーター: ええ、大丈夫ですよ。,カスタマー: 宮城県のほうに行って…宮城県とか石巻？行ってみ<>
オペレーター: ええ。あー、なるほど。,カスタマー: 仙台<>行ってみたいんですけどー、はい。
オペレーター: かしこまりました。では仙台でどういったことをなさりたいですか？,カスタマー: はい。えっとー、ま、えと妹とちょ、ちょっと歳の離れた妹と行きたいんですけれどもー
オペレーター: では、行かれる季節はいつになさいましょうか？,カスタマー: あ、えっと、夏です、夏。
オペレーター: 何か、あのー、こういった点に配慮してほしいとか、ご希望はございますか？,カスタマー: あ、えっと実はあの、ちょっとあの、うふん、妹が足がちょっと悪い、不自由なもんですからー
オペレーター: ええ、ええ。,カスタマー: <>きれば、あのー、ま、色々まわりたい気持ちは山々なんですけどー。
オペレーター: ええ、ええ。,カスタマー: あまりこう、何て言うのかな、こう、なんかこう、あっ、なんかよく分かんない、アップダウンがちょっと激しいとことか、はい。
オペレーター: ええ、分かります。ええ。ええ、ええ。,カスタマー: そういうとこはちょっと避けたいかなって感じです。
オペレーター: ええ。,カスタマー: あ、そうですね。あのー、自立歩行できますので、妹も。あの、車椅子と<>ないのでー。
オペレーター: ええ、ええ。,カスタマー: あの<>えっとー、ま、ゆっくりであれば、ちゃんと歩け<>できるのでー。
オペレーター: ええ。,カスタマー: 例えばあのー、ちょっと幼少期の二人の共通の記憶をたどってー
オペレーター: ええ。,カスタマー: 朝は、ちょっと、なんか、港のほうの朝市を見てー、なんか、マルシェみたいのなんか、なんかあった気がするんです<>
オペレーター: そうしますと、大体、何時ぐらいに行かれるお考えでしょうか？,カスタマー: そうですね、うんとー、うん、もう、そうだな、やっぱり朝、朝の雰囲気をのみたい、楽しみたいので、ちょっと<>てー、早く起きてー
オペレーター: ええ。,カスタマー: なんだろう、ま、開店と、8時の開店と同時に<>
オペレーター: ええ、ええ。,カスタマー: 9時までには入りたいかなって感じで。
オペレーター: やっぱ<>朝が<>,カスタマー: やっぱりちょっと、はい、行きたいかなって、はい。
オペレーター: はい。では、どうしましょう。その後、たーくさん時間が残ると思うんですけれどもー。,カスタマー: そうですね。とりあえずあのー、なんだろう、ま、夏場、夏場なので、ちょっとこう、悪くならないものをちょっとこう<>購入したらその足でー、その、なんだろう、朝、その、朝市のエリア内にあるー<>、生きが良い、せ、鮮魚のお店で、こ、ごは、あっ昼食を食べる<>ますかねー。
オペレーター: どうでしょう、お客様、10時とか、それぐらい早い時間がよろしいですか？,カスタマー: そうですね、頑張って早起きをしてますしー、あとあんまりお昼時混むとちょっと妹のことも心配なので、もう、開店と同時にちょっと早<>けど、早弁感覚で、はい、はい。
オペレーター: はい、では、こちら、ちょっと早めのお昼ご飯といった感じになるかもしれないんですけれどもー、この次いかがいたしましょう？,カスタマー: はい。えーと、その次はですね、ちょっとお腹もいっぱいになったので<>
オペレーター: ええ、ええ。,カスタマー: あのー、そうだな、どうしようかな。なんか昔、そのー、あの、仙台駅の駅前にー、えっと、なんか、なんか古びた映画館があったかと<>けどー、もしその映画館がもしかしたら様変わりしてしまったかもなんですけど、なんか<>があればー、ちょっと休みがてら映画館で<>、何でもいいんですけど、見たいかなって感じなんですけど、ありますかね。
オペレーター: まだまだオプションございますけれども、いかがいたしますか？,カスタマー: そうですね、あのー、えっと今日は朝は早起きをしてしまって、あ、<>てー、で、早弁もしたのでー、え<>、ちょっとあのーオヤツの時間を飛ばしてー、ちょっと早めのお夕食、また<>早弁にしようかなと思うんですがー、そのー、先程のそのー、地底の博物館の、あとにー、えーとー、そうですね、んー、お昼は和食だったのでちょっと、あ、ガッツリ洋食ではないんですがー、なんかちょっとこう
オペレーター: 要はそのー、洋風のものが良いか、和風のものが良いか。,カスタマー: そうですね、なんか、仙台の勝手なイメージなんですが、ちょっとやっぱり和風寄りかなと思うのでー
オペレーター: はい。,カスタマー: なんか、なんだろう、あ、ずんだとかはまた違うか。なんかそういう<>、あずき<>ありますかねー、なんか。
オペレーター: ずんだのお餅とかのがいいですかね。,カスタマー: ふっ、いいです。
オペレーター: お客様、どちらがよろしいでしょうか？,カスタマー: えっと、いま、ふふふ、両方って言いそうになっちゃったんですけど。
オペレーター: あ、ほんとですか。,カスタマー: <>鯛焼きは絶対マストですね、もう。絶対、はい、それはもう行きたいです。
オペレーター: お客様、両方行ってもいいんですよ。,カスタマー: はい、いいです。ふっ、両方お願いします。
オペレーター: ええ。,カスタマー: まず、えーと、鯛焼きをサクッと<>あとにー、そちらの、ずんだ餅の専門店で、えとちょっと<>こしは食べてー、あとお土産<>を買ってかららの、にしようかな、はい。
オペレーター: はい、で、この度は、えと、ご旅行のご相談ということでしたが、えーと、行先はもう、決まってらっしゃいますか？,カスタマー: あ、はい、沖縄を、考えてます。
オペレーター: はい、こちらはえーと、いつ頃ご旅行されるかっていうのは、もう、決まってらっしゃる<>。,カスタマー: はい、春頃の予定を、考えてます。
オペレーター: こちら、えっと、何名様ぐらいで行かれる感じでしょうか？,カスタマー: はい、今のところ2名です。
オペレーター: ええと、沖縄県で、えと何かやってみたいことですとか、そういった何かご希望はございますか？,カスタマー: はい、まず、初めて行くので。
オペレーター: あ、そうなんですね。,カスタマー: 沖縄の、あ、はい。
オペレーター: ええ。,カスタマー: 沖縄の、綺麗な海を見たいなって思ってます、はい。
オペレーター: ね。,カスタマー: できれば、あの、立ち入りできるビーチ。
オペレーター: ビーチ。,カスタマー: へ、行って、実際に砂浜を、歩きたいなって、思ってます。
オペレーター: 一応、沖縄県のどの辺に行かれるとかっての、決まってたりしますか？,カスタマー: はい、とりあえず、無難に那覇にしよう、と思ってます。
オペレーター: では、えーと、ほかに何か、やりたいことはございますか？,カスタマー: あとは、沖縄の歴史めぐりみたいのをしたいですね、はい。
オペレーター: こちらもやはり、あの那覇、周辺がよろしいでしょうか？,カスタマー: そうですね、あ、でも、けっこう有名なものとか、貴重なものがあったら、少し離れても、大丈夫です。
オペレーター: それか、あのー、まあ、戦争に関係したような、あの、場所がいくつかあるんですけど。,カスタマー: うん、うん、あ、できれば、琉球王国とかそういう。
オペレーター: ええ、ええ、ええ。,カスタマー: 感じのがいいです。
オペレーター: いかが、なさいますか？もう少々歴史的な場所ですとかをお伝えいたしましょうか？,カスタマー: そうですね、他にもありますかね？
オペレーター: ほか、は、ですね、少々お待ちください、やはり、琉球王国、に関連したものがいいですかね？,カスタマー: そうですね、まあ、沖縄も初心者なので、まあ。
オペレーター: ええ。,カスタマー: メジャーなところとか、おっきなところ、有名なところとかを、とりあえず中心に巡りたいですね。
オペレーター: お酒とかって、あまり飲まないですか？,カスタマー: お酒はそうですね、どちらも飲まないので、はい、食べる。
オペレーター: どのようなりょ、ご旅行を、ご希望ですか。,カスタマー: あ、えっとー、家族で夏休みに旅行したいんですけども。
オペレーター: あの、はい。,カスタマー: 高知県に行ってみたいなと思って。
オペレーター: あ、そうですか。,カスタマー: 夫が、あのー、行ってみたいって、い、言ってまして。
オペレーター: <>とか。,カスタマー: あの、子どもが小さいので。
オペレーター: はい。あ、そうですね。,カスタマー: 子どもが遊べる所に。
オペレーター: あ、承知しました。,カスタマー: 子ども中心でいきたいんです。
オペレーター: えーっと、これは、あの、ちょっとプールみたいな形になっちゃうんですけ、あっ、季節的にはいかがですか。何月ぐらいが。,カスタマー: あっ、えーと、夏休み、8月に行きたいんですけれども。
オペレーター: ご希望、ございますか。,カスタマー: えー、そうですね、その、子どもがやっぱり喜ぶところがいいなと思いますけど。
オペレーター: ない。アス、アスレチックとかはないですね。,カスタマー: あー、遊ぶ場所があるほうがいいですね。
オペレーター: お食事は、どういったものがいいですか。,カスタマー: んーと、子ども連れでも、あのー、あんまり気兼ねなく。
オペレーター: あっ、はい。,カスタマー: 入れるとこがいいですけどね。
オペレーター: あとは、夕飯とかはどんなものをお召し上がりになりたいですか。,カスタマー: そうですね。夕飯は、なんか高知県の名物、何かあれば。
オペレーター: 和食がいいですかね？,カスタマー: 和食がいいです。
オペレーター: あとは、特に何かありますか。,カスタマー: はい。あ、あのー、やっぱ高知県っていうと、あのー、四万十川とかのカヌー下りとか。
オペレーター: はい。,カスタマー: あれ、やってみたいなとは思うんですけど、やっぱ。あ、はい。
オペレーター: はい。,カスタマー: 子どもが小さいので。
オペレーター: フ、はい。ハハハ。,カスタマー: できなくて。なんか、あの。
オペレーター: はい。,カスタマー: その、カヌーとか乗らなくても、その、川遊び。
オペレーター: はい。,カスタマー: とか、楽しめるとこがあったら教えていただきたいんですけど。
オペレーター: 見るでもよろしいですかね、じゃあ、あの。,カスタマー: そう…。見たり…。
オペレーター: 遊ぶっていうよりは。,カスタマー: ちょっと、はい、入ってぱちゃぱちゃやるぐらい。
オペレーター: うーん。,カスタマー: のことが何かできるのかなと思って。
オペレーター: あのー、そうですね…。,カスタマー: 船みたいのあるんですか。
オペレーター: 本日はご利用、ありがとうございます。えっと、今回のご旅行は、どちらのほうに行かれたいと思ってらっしゃいますか。,カスタマー: あ、北海道なんですけれど。
オペレーター: あ、はい。季節とか、お決まりですか。,カスタマー: あ、春が、やっぱりいいかなと思って。
オペレーター: あ、えーと、何人さまで、ご予定しておりますか。,カスタマー: えーと、私と友達2人で考えております。
オペレーター: はい。えっとー、沖縄では、どういったことをしたいですか。,カスタマー: あ、北海道です。フフフフフ。
オペレーター: あー、すいません、まち…。あの、北海道では、どのようなことをされたいですか。,カスタマー: そうですね、なんか、うーん、あんまりよく…。ま、観光地っぽいところも、し、行きたいんですけど。
オペレーター: はい。,カスタマー: あのー、あまり張り切りすぎないで、あのー、友達とおしゃべりしたり、のんびり。
オペレーター: テイザンケイの辺りで、何か観光をお探ししましょうか、あの。,カスタマー: そうですね。近くになんか。
オペレーター: えっとー、マッサージとか、あと、なんか、エステとかっていうのはご興味ないですか。,カスタマー: んー、そうですね。そこまでしなくてもいいかな。
オペレーター: ちょっと、でも、お洋服見るって感じじゃないですね。,カスタマー: そうですね。ヘヘ。うんうん。観光だから。うん。
オペレーター: なんか、いい感じですね。なんか、じゃ、雨降っても大丈夫ってことで、じょ、女子にもお勧めって書いてあるんですけれども。,カスタマー: じゃあ、そのビールも。
オペレーター: こちらは、な…。,カスタマー: たくさん買って、なんか、送りたいですよ、うちに。ウフフ。
オペレーター: ご、ご夕食の、候補で。,カスタマー: 今、なんか急に思い、アハッ、思い付いたんです。えっと、昼は、
オペレーター: はい。,カスタマー: あの、北海道の、ら、あ、えっと、さっ、あの、か、ラーメンじゃなくて、カレーはどうですか、なんか。
オペレーター: うん。,カスタマー: ちょっと辛いのが苦手な子がいるかもしれないから。
オペレーター: よろしくお願いいたします。あの、こん、今回のご旅行なんですけれども、どちらの方面を、あのご希望されてらっしゃいますか？,カスタマー: 沖縄です。
オペレーター: あ、あとご老人の方とかはいらっしゃいますか。,カスタマー: もいないです。えっと子供は小学生と中学生と高校生なんですけれど。
オペレーター: はい。えっと、沖縄はえっと、季節的には。,カスタマー: そうですね、春がいいかなと思ってるんです。
オペレーター: あ、はい。あの。,カスタマー: 子どもたちが喜べるところがいいかなと思って。
オペレーター: はい。いちご狩りとかは。,カスタマー: <>いちご狩りよりも、食べるよりも遊ぶほうがいいかな、<>よりは。
オペレーター: あ、あとはあの、お食事とかオートキャンプ場で済まされちゃいますかね。何か夕飯とか特別にお、ご料理。,カスタマー: そうですね。例えばなんか、昼はそのそこでバーベキューして、夜はちょっとあのー近くに食べに行くっていうのでもいいかなと思うんですけれど。
オペレーター: あ、はい。ではあの、夕飯をちょっとお探ししますので、えっとー和食がいいですか？それともあのー。,カスタマー: 沖縄料理が食べたいです。
オペレーター: いらない、ちょっとなんか、ら、それっぽすぎますかね。あとは。,カスタマー: あのー、なんか私ちょっとあの、この例えば土地の食材とか、あのーなんか調味料とか、そういうの持って帰ってなんか家でもまた調理したいなとか思うんですけど。何か。
オペレーター: あー。はい。あーじゃあちょっと、あの、であれば、あのマックスバリューがあるんですね。,カスタマー: こういうの揃ってるところありますか？ふーん、あーなるほど。
オペレーター: えっと、ご旅行の予定とゆーか、あの、どちらの方面に行きたいとか、あの、ございます、か？,カスタマー: えーとー、北海道に行きたいんですけれども。
オペレーター: えと、季節とかー、ご希望ございますか？,カスタマー: えーとー、秋頃ですかね。
オペレーター: えーとー、特にあのー、何かやりたいこと、とゆーかー、あの、ご希望ございますか？,カスタマー: えーとー、ちょっと紅葉が綺麗な所に行きたいんですけども。
オペレーター: あとー、お食事とか、あの、何かこう、やってみたいとか、食べてみたいとか、ございますか？,カスタマー: あー、食事はそうですねー
オペレーター: あとー、お食事とか、あの、何かこう、やってみたいとか、食べてみたいとか、ございますか？,カスタマー: あのー、やっぱり海鮮、お寿司とかー、美味しいところが。
オペレーター: 函館の近くで、<>いま、ちょっと探してみます。,カスタマー: なんか、で、で、一人なんで、できればあんまり、高くない、店がいいんですけどー。
オペレーター: 紅葉以外に、はい。,カスタマー: 秋、秋なんで、もう、ちょっと肌寒いかなと思うんですけれどもー、なんか屋内の施設で面白そうなところが、あれば。
オペレーター: テーマパークみたいのがよろしいですか？それともアウトドアとか、体験とか、そうゆう…,カスタマー: あー、そうですね、一人なんでー、なんか見て、楽しめる…
オペレーター: 見て楽しめる…,カスタマー: なんか美術館とか、博物館とか
オペレーター: あー,カスタマー: そういった感じ。
オペレーター: どうでしょうね、いろんな所を、まー、他のお店でも、あの、お土産屋さんはあると思うんですけれどもー、お土産でも検索しますか？,カスタマー: あ、そうですね。お土産、買うのに、便利な場所があれば。
オペレーター: よろしくお願いします。お客様どちらへご旅行になりますでしょうか？,カスタマー: そうですね、なんとなくしか決めてないんですけど、えっと夫婦、50代の夫婦二人で
オペレーター: ええ、ええ。,カスタマー: んーなんかちょっと秋なので、なんとなくなんですけど、箱根方面に行きたいかなーって思うんですけど。
オペレーター: あるいはぼんやりとどういったことしたいなとかあればこちらの方でお調べ致します。,カスタマー: あっ、はい。えっとそうですね、何か所か<>とこがあるんですけど
オペレーター: ええ。,カスタマー: あのーちょっとあの名称とかはわからないんですけど
オペレーター: ええ。,カスタマー: 確か何かオルゴール、あっオルゴールの美術館的なものがあるって<>で、
オペレーター: ええ、あっええ。あっはい。,カスタマー: そういうなんか、ぶん、文化的な行動をしたいと思って、はい。
オペレーター: ええ、ありがとうございます。,カスタマー: あの先ほど申し上げましたけども、ちょっと文化的な
オペレーター: ええ、ええ。,カスタマー: 線とかではなくて、文化的なちょっと、行動をしたいと思ってるので夫婦二人で
オペレーター: ええ、ええ、ええ。,カスタマー: オルゴールは今あったので、そうだなーえっとそうですね。
オペレーター: ええ。,カスタマー: 何か、こう、んー
オペレーター: ええ。,カスタマー: なんかびじゅ、なんかこうキーワードで美術とか文化とかそういうものありますか？
オペレーター: ええ、ええええ。,カスタマー: あの三つ、は、あのはじめにセンテンスがあって、えっと二つ目のあの文学とかそういう部分を特化したところ
オペレーター: ええ。ええ、ええ。,カスタマー: と、まぁ秋なので、夜空もいいのかなと思ったので、星とかですか？
オペレーター: ええ、ええ。,カスタマー: 地球とか、なんかそういう感じのところにもうちょっと絞って<>ますか？
オペレーター: 歩いてたりすると甘いものも食べてく、食べたくなるかと思うんですけれどもいかがでしょうか。,カスタマー: ばれました。そうですね。私もちょっと多分おそらくかまぼこ食べた後。
オペレーター: ええ、ええ。,カスタマー: 文学を堪能した後に絶対お腹はすくと思うんです。
オペレーター: お客様やはりカフェのような感じのところがいいですかね。それともお食事をまぁしっかり食べられるようなところがよろしいですか？,カスタマー: あっ、えっとすいません。そうですね。あの、わ、和カフェというか
オペレーター: ええ。ええ。,カスタマー: なんか甘味処的なところがあれば。はい。<>ますかね。はい。
オペレーター: はい、では夕ご飯、どのようなものがよろしいでしょうか？,カスタマー: そうですね。もう今日はずっとこう和で来てるので。
オペレーター: ええ。,カスタマー: えっとそのつながりで、ゆう、夕飯もちょっと洋食けっこうヘビー、ね年齢柄ヘビーになってきたので、あの。
オペレーター: ええ、ええ。ええ、ええ。,カスタマー: 和風で行きたいんですけどありますか？
オペレーター: その中で決めていただくと。,カスタマー: そうですね。あっ、そうですね。今すごく惹かれたんですけど、
オペレーター: ええ。,カスタマー: 一つだけリクエストがありまして。
オペレーター: あっはい。もちろんです。,カスタマー: せっかくあの小田原というか海、海側、うみそ、海側、海の近く<>ので、できればお魚を。
オペレーター: ええ、はい、えーと、どちら、になりますか？,カスタマー: はい、北海道を考えてます。
オペレーター: ちなみに、えーと、もう、いつ頃行かれるとか、決まってるんですか？,カスタマー: はい、それも決まっていて。
オペレーター: ええ。,カスタマー: はい、夏、がいいと思ってます。
オペレーター: はい、ちなみに何名様で、ご旅行されるんですか？,カスタマー: はい、友達と、2人の予定です。
オペレーター: えーとー、ここに行ってみたいとか、そういった何かご希望はもうございますか？,カスタマー: は、そうですね、何かせっかく北海道に行くので。
オペレーター: ええ。,カスタマー: まあ、美味しいものが食べたいぐらい、しかまだ決めてないです。
オペレーター: はい、ちなみに何か<>こういう物が食べたいとか、逆に、ちょっとこの、こういう食って、こういった食材は、その苦手です、ですとか、そういった物はございますか？,カスタマー: 海の幸を食べたいなぁ、とは思っています。
オペレーター: うんうん。,カスタマー: 羊の肉が苦手なので、ジンギスカンは、NGで、はい。
オペレーター: そうですねー、たとえば、もう、札幌の、あー、えー、札幌じゃない、失礼いたしました、北海道のどの辺りのエリアに行くとかは、まだ決まってないという感じですかね？,カスタマー: そうですね、まだ、その辺りは決めていなくて、はい、どうしようかなぁってとこです。
オペレーター: そうしましたら、そうですね、お店の雰囲気はどんな感じがよろしいとかってございますか、何か料亭みたいなところがいい、ですとか。,カスタマー: あ、何か、けっこう、こう、綺麗めなとこよりも。
オペレーター: ええ、ええ。,カスタマー: こう、港から、こう、引き揚げたばっかりの。
オペレーター: ああー、なるほどなるほど。,カスタマー: 新鮮な魚介類が食べれるような、そんなところが、いいです。
オペレーター: それとも、何か、もうちょっと観光スポットのほう見てみたいとか、ご希望はございますか？,カスタマー: そうですね、まあ、お昼と、夕飯の間けっこう時間が空くし、午前中もあるので。
オペレーター: ええ、ええ、うんうんうん。,カスタマー: まあちょっと、歩き回ったり、ついでにいい景色が、見れたりしたらいいなぁって思ってます。
オペレーター: じゃちょっと、な、いい景色というとやっぱ自然、スポット的な場所がよろしいですかね？,カスタマー: そうですね、自然か、あとは。
オペレーター: ええ、ええ。,カスタマー: こう、北海道の、何か、歴史を感じたり、はい。
オペレーター: あー、なるほどなるほど。,カスタマー: そういうとこでもいいですね。
オペレーター: 北方民族資料館みたいな、ところですとか、そういった中ですと、興味ひかれる場所ってございますか？,カスタマー: そうですねー、展望台って、存在を知らなかったので、ちょっと気になりますね。
オペレーター: ほかには何か。,カスタマー: わ、あとけっこう、お土産を頼まれているので、お土産屋さん、はい、品揃えのいいとことか、珍しい物があるとことか知りたいです。
オペレーター: 何か、食べ物だったりとか、はいはい、どうぞ。,カスタマー: ひとつ、はい、はい、ひとつは、まあ沢山あのー、人に配れるような、おか、お菓子、お茶菓子類。
オペレーター: うん、ええ、ええ、ええ。,カスタマー: もうひとつは、クール便とかで、そのまま送れそうな海の幸、ですね、はい。
オペレーター: お菓子ですとたとえば、何か洋菓子のような物がいいか、それとも何か、和菓子のようなものがいいかとか、ご希望はございますか？,カスタマー: はい、ああー、できれば北海道限定の、はい、お菓子で。
オペレーター: ええ、ええ。,カスタマー: そうですね、とくに和洋は考えていなかったので、はい。
オペレーター: では、えーと、早速なんですけども、まずご旅行先伺ってもよろしいでしょうか？,カスタマー: はい。えーっと北海道行ってみたいなと思ってます。
オペレーター: 北海道に、時期はいつ頃か決めてますか？,カスタマー: そうですねー、ま初夏の頃がいいかなーと思ってます。
オペレーター: でえーは、えー北海道、特に具体的になにかやりたいとか、こういったことしたいとか、って決められてますか？,カスタマー: そうですねー、ま北海道は実は何回か行ったことあって、今回は、うーんと、まぁそうですねー、道東というか、あのー、うーん、あの、なんだあの、うーんと、知床とか、あっちなんかの方とか、いいんじゃないかな、なんかこう自然もあって、あのまぁ、温泉なんかもあって、なんか、食べ物も美味しいんじゃないかなーなんて。
オペレーター: えー、滝とか好きですか？,カスタマー: ふふふ、好きかどうかはともかく、まどんなもんだか、なんか特徴あるんだったら見てみたい気もします。
オペレーター: あと、今回ってごめんなさい、えっとー、お1人でしょうか？えっとー。,カスタマー: あ、1人で行こうと思ってます。
オペレーター: はい、えーと、もうなんか行く方面だったりとか、地方とか、県とかってもう決まってますか？,カスタマー: あっと、鹿児島で考えてます。
オペレーター: じゃあいつごろに行かれる感じですかね？,カスタマー: と、冬ですね。
オペレーター: え、こちら、えーとー、何人ぐらいで行かれるんですか？,カスタマー: とー、自分含めて友人と3人で。
オペレーター: はい、一応なんか、鹿児島県、でなんか、どこみてみたいとかー、そういうのってもう決まってます？,カスタマー: そうですね、えーとー、まあとりあえず桜島は行きたいな、はい。
オペレーター: 桜島、桜島というと、例えば、桜島でなんか見てみたいものとかがある感じですか、なんかやってみたいこととか。,カスタマー: そうですね、えっとー、まあちょっと、なんだろう、桜島のビジターセンター的なものがあれば行ってみたいですしー、あのーまあ、あとはその周辺の、まあ自然ですねどっちかっていうと、はい。
オペレーター: はい、一応まあ、ビジターセンターに行って、まあ、桜島観光をするということですけど、なんかご飯とか、そういったものもお調べいたしますか？,カスタマー: そうですねー、あ、でも、ご飯は市内とかでもいいですかね、はい。
オペレーター: なんか特にこういうものが食べてみたいとか、こんな感じのお店に行ってみたいとかってあります？,カスタマー: そうですね、とー、とんか、黒豚のとんかつですかね<>、はい。
オペレーター: あ、一点ちょっと注意していただきたいのがー、こちらは閉店日が水曜日となってますけどー、ご旅行行かれるのって土日とかですか？,カスタマー: 土日、そうですね、日曜日の予定です。
オペレーター: あ、なんかとんかつ専門店とかもありますね。,カスタマー: あ、じゃあそっちでちょっと、はい。
オペレーター: どうですか、どっちが気になるとかありますか、なにか。,カスタマー: じゃあ、黒かつ亭で。
オペレーター: はい、では、えーと、どうでしょう、今のところ、まあ桜島に行くこととー、まあご飯の食べる場所はだいたい決まったと思うんですけど、ほかなんか見てみたい場所ですとか、あとはなんかやてみたいことですとか、買い物したりとか、なんかあれば、お調べいたしますよ。,カスタマー: えーと、じゃあ、それじゃあ、工芸品の、そうですね、えっと、工房、見学もできて買えるようなところ、あ、はい。
オペレーター: なんかあれですかね、結構、体験、作る体験みたいな、そういうものも興味ありますか？,カスタマー: あー、そうです、体験は別にしなくてもいいかなー<>。
オペレーター: 工芸とガラス細工、工芸というかなんか、陶器みたいな、こう、やつとガラス細工だと、どっちが興味あるとかってあります？,カスタマー: そう、なんだ、そうですね、陶器の方で、はい。
オペレーター: もうちょっと、つく、まあやっぱ、作るところ見たいって感じですか、こう。,カスタマー: そうですね、まあ、作るところという、なんだろう、なんか工房、そうです。
オペレーター: はい、本日はご利用いただきまして、ありがとうございます、お客様どのようなご旅行をお考えでしょうか？,カスタマー: そうですね、えっと東北に。
オペレーター: はい。,カスタマー: まぁちょっと行きたいなっていう風に考えております、はい。
オペレーター: はい、かしこまりました。お客様、あのー一緒に行かれるご同行者様は何名様になりますか？,カスタマー: あ、4人になります。
オペレーター: かしこまりました。はい、えーと行かれる時期とかはお決まりでしょうか？,カスタマー: そうですね、だいたい12月の終わり年末ぐらい。
オペレーター: はい。,カスタマー: を予定しております。
オペレーター: はい、はい、あっはい、はい、かしこまりました。例えば、あの温泉でゆっくりしたいですとか、何か観光したいですとかそういったご要望はございますか？,カスタマー: まぁ冬なので。
オペレーター: はい。,カスタマー: ちょっと観光は寒いかなって思うので。
オペレーター: あーはい。,カスタマー: まぁできれば温泉とかがあれば良いかなっていう思いもあります。
オペレーター: あとそうですね、やはり何かりんごみたいな…りんごとかのお菓子とか、そういったものも買われたいですか？,カスタマー: あーそうですね、なんかお菓子とかでも、まぁそのりんごそのもの<>りんごが美味しい特売所とかそういうのがあれば、はい。
オペレーター: えっと、ご旅行の方なんですけども、どちらの方面に、あの、いつぐらいの時期に行きたいと思ってらっしゃいますか？,カスタマー: に、新潟県の。
オペレーター: はい。,カスタマー: 新潟県の。
オペレーター: はい。,カスタマー: あの、越後湯沢ってところ。
オペレーター: 越後湯沢では、あの、どういったことをされたいですか？,カスタマー: あの、一応、あの、あの、えー、絵画展を見に行く。ま、友人と行く、あの、行こうかなと思ってるんですけど。
オペレーター: あのー、和食とか洋食とか、なにか、あの、ご要望はありますか？,カスタマー: そうだね。和食がいいかな。
オペレーター: 春。,カスタマー: だ、だ、温泉もね、あのー、割とこう、有名って聞いたんで。有名っていうか、あの、それも行きたいかなっていう、だから、まー、そういう。
オペレーター: あとは、あの、お鍋であったりとか。,カスタマー: あ、お鍋ね。いや、お鍋がいいかな、やっぱりな。
オペレーター: お客さま、どのようなご旅行をお考えでしょうか？,カスタマー: えっと、冬に。
オペレーター: はい。,カスタマー: 北海道に、あの、ちょっと、1人で、1日使って。
オペレーター: はい。,カスタマー: 観光をしに行きたいと思ってます。
オペレーター: はい。かしこまりました。はい。冬にですね、はい。,カスタマー: はい。
オペレーター: 北海道へ、お一人さまですね？,カスタマー: はい。
オペレーター: そういったご要望はございますか？,カスタマー: 一応、札幌辺りで考えてますね。
オペレーター: はい。札幌で、あ、何か観光したいとか、そういったご要望でよろしいですか？,カスタマー: そうですね。
オペレーター: はい。あの、博物館とか、ご興味ございますか？,カスタマー: そうですねー、な、今まで見たことなかったので、ちょっと。
オペレーター: はい。,カスタマー: 寄ってみようかなと思います。
オペレーター: ええ。で、こちら。,カスタマー: これ、月曜日で考えてたんで。
オペレーター: あと、他に、あのー、札幌以外で何かどこか、ご興味ある場所とかございますか？,カスタマー: あー、そうですね、ちょっとお買い物したいと思うんですけど。
オペレーター: あ、かしこまり…。,カスタマー: 洋服。
オペレーター: 例えばなんですけれども、ショッピングセンターみたいなところがよろしいですかね？,カスタマー: そうですね。アパレル系が集まってるような。
オペレーター: はい。あ、はい。,カスタマー: お店だと助かります。
オペレーター: 大変便利なところでございますね。はい。,カスタマー: あー、じゃ、べ、じゃあ、お昼。
オペレーター: うん。,カスタマー: そこで札幌ラーメン食べて。
オペレーター: はい。,カスタマー: お昼過ぎに買い物しようと思います。
オペレーター: はい。うん。,カスタマー: できたら帰る直前がいいんで。うん。
オペレーター: カニ、カニ料理はお好きですか？,カスタマー: ま、好きですね。
オペレーター: あのー、その、温泉施設で食べる、で探したほうがよろしいですかね？,カスタマー: そうですね。いったん外に出<>と。
オペレーター: ああー、ですね。はい。,カスタマー: 寒いんで。はい。
オペレーター: はい。はい。あと他に何か、あのー、何か見てみたいですとか、あのー、買いたいものとか、そういったご要望はございますか？,カスタマー: んー、お昼買い物した後に、時間があれば。
オペレーター: はい。はい。,カスタマー: えーと、ま、動物が好きなんで。
オペレーター: ええ、ええ、ええ、ええ。,カスタマー: 動物、見れるところがあれば、寄ろうかなと思います。
オペレーター: はい。,カスタマー: そこに行きたいです。
オペレーター: も楽しめることができます。,カスタマー: ああ。じゃあ、さっきの所で良さそうですね。
オペレーター: うん。そうですね、こちらのほうが、ほ、うん。,カスタマー: あそこにします。
オペレーター: はい。,カスタマー: そこに、行きますね。1個目の所より良かったんで。
オペレーター: はい。,カスタマー: と、この冬に、あのー、ま、親孝行じゃないですけれども。
オペレーター: はい。,カスタマー: ちょっと、両親を連れて、ま、えー、東北に行ってみたいと思いまして。
オペレーター: はい、えーとですね、東北のどちらかとゆーと、場所はお決まりですか?,カスタマー: あ、ま、一応、仙台とその周辺辺りがいいかなって、こー漠然と思っているんですけれども。
オペレーター: はい。,カスタマー: うん、で、まー、もち、まーまー、もちろん、今回、若松も考えたんですけど。
オペレーター: はい。,カスタマー: まー、でも、なんか、あのー、色々そーゆー話をしてくれた思い出があるんで、まー。
オペレーター: はい。,カスタマー: そしたら、仙台の方がいいのかなと、ま、イメージして、えー。
オペレーター: はい、えー。,カスタマー: あーのー、少し時もあるので、もしあれだったら、その。
オペレーター: はい。,カスタマー: 仙台がわりと近いとこで。
オペレーター: はい。,カスタマー: うん、あの、もし、市内にもし、限らなくても、まー、ちょっと、乗り物、楽しみながら。
オペレーター: 多少、あ。,カスタマー: へ、うん、わりと近い、近場で、他に、周辺があればなーなんてことも思うんですけどもね、うーん。
オペレーター: そうですね、はい、ただいまお調べいたしますので、少々お待ちください。,カスタマー: ま、仙台駅とかって、よくNHKのニュースなんかでもこー、写るじゃないですか?ははは、えー。
オペレーター: はい、はい、はい、そうですねー。,カスタマー: ちょっと、見たことのある風景みたいのじゃなくて、ふ。
オペレーター: えーえーえ、はい。,カスタマー: ちょっと違った風景が見れると、はい。
オペレーター: はい。,カスタマー: なんだ、いや、兼六園じゃないけど、なんかだから、そーゆーお庭が綺麗、ね、なんか観光用の。
オペレーター: はい。はい。,カスタマー: 観光用まで言わないけど。
オペレーター: えーえーえー<>,カスタマー: 城下町だったら、そーゆーとこ、ありますかね?
オペレーター: お客様、どのようなご旅行をご希望でしょうか？,カスタマー: とー、京都に旅行に行きたいんですけれども。
オペレーター: はい。お客様、ご同行者様は何名様ですか？,カスタマー: 2名です。
オペレーター: 2名様ですね。えーと、いつ頃の、ご、ご旅行の予定ですか？,カスタマー: とー、秋頃に、旅行したいです。
オペレーター: はい。お客様、あのー、京都に行かれまして、あのー、何か見てみたいですとか、そういったご要望はございますか？,カスタマー: とー、紅葉を見に行きたいんですけれども。
オペレーター: かしこまりました。あと、すいません、お客様の方で、あのー、京都に行かれまして、何か見てみたいですとか、あの、食べてみたいですとか、そういったご要望はございますか？,カスタマー: とー、おしゃれなカフェ巡りに。
オペレーター: はい。,カスタマー: えー、行きたいと思ってます。
オペレーター: はい。あとお客様、何か京都で、見てみたいですとか、あのー、行ってみたい観光地ですとか、そういったご要望はございますか？,カスタマー: とー、世界遺産とっかとか、名勝を巡りたいんですけれども。
オペレーター: はい。他に、じゃあ、ちょっとあのー、見てみたいところで、何か他にございますか？,カスタマー: えーとー、なんかこう、和菓子作りだとか、そういう自分で何か体験できること<>も。
オペレーター: はい。,カスタマー: まあ、うーん、なにかを。
オペレーター: 食べて…はい。はい。,カスタマー: 和菓子で美味しそうな、はい、お店があれば知りたい<>。<>、うんー。
オペレーター: はーい。あと、お客様の方で何か見てみたいですとか、か、買いたいものですとか、ご要望はございますか？,カスタマー: とー、そうですねー、ほかに、あの、食べ…んー、もので、美味しいお店があれば。はい。
オペレーター: お客様、あのー、何か和食ですとか、何かそういった、あのー、ご要望はございますか？,カスタマー: そうですね、和食で、美味しいお店が、はい。
オペレーター: 何かご要望はございますか？,カスタマー: お肉料理で。
オペレーター: はい、ありがとうございます。えーっと、行きたい場所とかって、もう決まってらっしゃいますか？,カスタマー: いやそれが、北海道ってだ<>結構いろいろ行く場所があるので、どこにしようかっていうのは結構悩んでてー。
オペレーター: ちなみに、えーっと、行かれるご予定の季節とかって、いつになりますか？,カスタマー: あ、夏休みーに、ちょっと北海道に住んでいる友達のとこに遊びに行こうかと思ってるんですけど。
オペレーター: ちなみになんか、北海道に行ってー、そのなんかやってみたいことだったり、なんか食べてみたいものとか、なんかそういった候補とかってー、今のところございますか？,カスタマー: やってみたい...なんか他にも見てみたいんですけど、1個絶対やりたいのがー、あの、川下り？
オペレーター: はい、あ、川下り。,カスタマー: なんか、北海道でできるって聞いてー。
オペレーター: あーそー、はいはいはい。,カスタマー: <>してみたいなって、思ってるんですけど。
オペレーター: えー、一応ラフティングされるという、川下りされるということですが、他なんかやってみたいこととかー、なんか思いついたりします？,カスタマー: はい、他…北海道ですよね、なんか真っ白…友達は結構鳥とか見るのが好きなんでー、
オペレーター: えー、一応ラフティングされるという、川下りされるということですが、他なんかやってみたいこととかー、なんか思いついたりします？,カスタマー: なんか、自然、なんか動物が観察できる所だったらいいかなー、って
オペレーター: なんか、何が食べたいかとか、どういうものが食べてみたいとかって、ありますか？,カスタマー: あのせっかく北海道行くんで、魚介類食べたいなーとか思うんですけど。
オペレーター: 刺身の盛り合わせ的なやつとか、それともなんか海鮮丼みたいなやつとかー、まあ、鍋とか、,カスタマー: あ、でも、刺し身ー、とか、カニとか食べたくて。
オペレーター: 記載されてるんで、おそらくあるんじゃないかなー、と思います。,カスタマー: <>カニ食べたいです
オペレーター: そうですね、えー、で、夜はカニで、お昼、どんなものがご希望とかって…,カスタマー: お昼はー、なんか洋食で軽めに食べたいんですけどー。
オペレーター: えーと、やっぱー、夜は魚介なのでなんか違うほうがいいですかね、昼はお肉だったりとか。,カスタマー: そうですね、お肉とか野菜とか。
オペレーター: 本日はご利用いただきましてありがとうございます。お客様、どのようなご旅行をお考えでしょうか？,カスタマー: はい、秋に東北旅行に行きたいなと思っていて。
オペレーター: はい。,カスタマー: 友達3人くらいと行きたいなと思ってます。
オペレーター: はいえっとお客様、あの東北地方の、えっとどの辺りに行かれたいかとかあのそういったご要望はございますか？,カスタマー: そうですね東北地方に一回も行ったことがないので、東北といえばみたいなこう、メインの名物みたいな所にいければいいなって思います。
オペレーター: あの本日はどのようなご旅行をご希望でいらっしゃいますでしょうか？,カスタマー: えっとー、ちょっと神奈川県を見てまわりたいと思っていて、はい。
オペレーター: はい。,カスタマー: でー、そうですね、ちょっとまぁ有名な観光地まわりたいなと思ってるんですけど。
オペレーター: あ、承知しました、あの季節とかなにかご希望ございますか？,カスタマー: あ、季節はえっとー、夏に行こうかなと思ってます。
オペレーター: 神奈川県ですと、あのー、神奈川県だと、美術館とかが多いんですけれども。,カスタマー: あ、いいですね、美術館。
オペレーター: あの美術館とか、あとこの彫刻を見るとか、どちらがいいですかね？,カスタマー: そうですねー、絵よりも彫刻の方がとりあえず見たいかなぁとは思います。
オペレーター: はい、あ。,カスタマー: はい、じゃあとりあえずそこに最初に行こうかなと思います。
オペレーター: ではあのジョイナス森の、えー彫刻公園をあのチェックしておきますね。,カスタマー: はい、お願いしまーす。
オペレーター: あとはなにかあのー、見たいものとかございますか？,カスタマー: そうですねー、まあのそこから、まぁそんなに遠く、まぁ遠くてもいいんですけれども、なんか、まぁ彫刻を見たので、やっぱりそのさっき言っていたような絵とかをもうちょっと見たいなーって思うんですけれども、美術館とかそういうのがありますかね。
オペレーター: えっとー、距離としては、えー、駅、あの、横浜駅、駅の東口から徒歩で3分でございます。,カスタマー: なんかそうしましたら、じゃあそ、あのーさっき行った彫刻の展示とよ、合わせて見に行きたいなと思います。
オペレーター: じゃあこちらもチェック入れておきますね。,カスタマー: はい、お願いします。
オペレーター: あのー、お食事とか合わせていかがでしょうか？,カスタマー: そうですねー、まその2つをこうゆっくり見てまわった後に、たぶんこう昼食かなっていうイメージが今ちょっとあるんですけど。
オペレーター: はい。,カスタマー: こう、ま今回1人でちょっと巡ろうかと思っていて、でーこう1人でも入りやすそうな、こうあんまりこう敷居が高くなさそうな、なんか和食のお店があったらいいなと思うんですけども、はい。
オペレーター: もうちょっと探してみますか？,カスタマー: そうですね、じゃ一応そこキープというか、あの一応あのー置いておいて、もう1件くらいなにかあれば、はい。
オペレーター: え、お蕎麦っていいますと、あのー和風のお蕎麦がよろしいですかね？,カスタマー: あ、そうですね、日本蕎麦がいいかなとは思います。
オペレーター: はい、美味しそうですよとても、写真は。,カスタマー: までも、今回はまぁちょっとこう、行ったことないとこに行きたいっていうのがちょっとあるので、やっぱりその1件目のお店、紹介していただいたお店に昼食はそこにしようかなって思います。
オペレーター: ではあのー、他になにかあのご覧になりたいものとか行ってみたいところとかございますでしょうか？,カスタマー: そうですねー、えっとー、やっぱりーあのー、その日はえっと美術館とかそういうのを巡りたいと思っていて、で今回あのーデパートに入って、百貨店とかに入ってるあのギャラリーを教えていただいたと思うんですけど、あのー、単館で、そ、そのものが建ってる美術館とかって近くにあったりしますかね？はい。
オペレーター: いかがですか？,カスタマー: あ、はい、ぜひそこじゃあちょっと気になるんで、行きたいと思います。
オペレーター: はい、はは、ここをちょっと入れておきますねー。,カスタマー: お願いします。
オペレーター: あとはー、岡本太郎の美術館とかもございますが、お好きですか？,カスタマー: あ、岡本太郎すごい好きなのでぜひちょっと気になるんで情報が知りたいですねー。
オペレーター: はい、じゃあこちらチェック入れておきますね。,カスタマー: お願いしまーす。
オペレーター: えーっとあとはなにかあのー、お土産とか見たい買いたいというのはありますか？あともう少し美術館とかご案内いたしますか？,カスタマー: そうですねー、結構その岡本太郎美術館たっぷりみたいと思うので、もう美術館とかは、まぁ大丈夫です。
オペレーター: はい、はい。,カスタマー: ま強いて言えば、なんかこう休憩できるような場所とかがあったらいいかなと思うんですけれども。
オペレーター: あ、承知しました、ちょっと探してみますね。,カスタマー: なんかこう、公園とか喫茶店とかそんな感じの、どっちでもいいんですけどなんかそんなところがあったらいいかなとはぼんやり思ってます。
オペレーター: そうですね、ちょっとだ、たぶん大学構内なら、緑とかも多そうですので、はい。,カスタマー: じゃあなんか一応そこはあの、なんていうんですかねリストがあるのかわかんないんですけど、そういうリストに加えといてもらえたらちょっと嬉しいなと思います。
オペレーター: えっと今回はどのようなご旅行をご、ご予定してますか？,カスタマー: えっとー、ちょっと母と二人で―、北海道に行きたいなーと思ってまして。
オペレーター: 季節とか決まってますか？,カスタマー: 季節が、ちょっ、夏休みぐらいですかね。
オペレーター: 季節とか決まってますか？,カスタマー: ちょっとまだ、だいたいなんですけど。
オペレーター: あっ、承知しました。,カスタマー: まぁ7月、8月辺りで。
オペレーター: ん－。,カスタマー: ま、札幌―いってー、あとはー、ちょっとその近く、とかバスでとかでなんか行けるよーなー、観光地、なんか自然ーみたいなの、例えばラベンダー畑とか、なんかそういうのとか、見れればいいなーってゆう。
オペレーター: ラベンダーがー、あのー、有名なのは、富良野のー公園が出てきてしまっているんですけれども、札幌からは離れているんですが、富良野も、いかがですかー？,カスタマー: 富良野行ってみたいんですよねー。
オペレーター: ラベンダーがー、あのー、有名なのは、富良野のー公園が出てきてしまっているんですけれども、札幌からは離れているんですが、富良野も、いかがですかー？,カスタマー: ほんとにー。
オペレーター: あのー。,カスタマー: やっぱ、何日とかーで分けて富良野とか行ってみようかなって思う。
オペレーター: なんか、さっきのワインの所も気になりますが、お風呂とかは別に入らなくて結構ですか？,カスタマー: いやーお風呂、出来れば入りたいーです。
オペレーター: なんか、さっきのワインの所も気になりますが、お風呂とかは別に入らなくて結構ですか？,カスタマー: なんか、温泉とかあればいいなーって思っててー
オペレーター: えっと、和風な感じと―、あの洋風な感じ、プールみたいなんもあるのと、どちらがよろしいですかねー。,カスタマー: 和風な感じがいいです。
オペレーター: あっ全身がいいです。,カスタマー: あっ全身がいいです。
オペレーター: あっ全身がいいです。,カスタマー: 出来れば。
オペレーター: えっとあとはですねー、えーっと、なにか、お食事とかー、食べたいですかー？,カスタマー: 蟹が食べたいです。
オペレーター: あ、蟹料理、へへ、少々お待ち下さーい。,カスタマー: それか、海鮮丼が…まぁ、別の日に海鮮丼とかでもいいですけど。
オペレーター: あ、蟹料理、へへ、少々お待ち下さーい。,カスタマー: 海鮮丼ーも食べたいですねぇ。
オペレーター: 一応蟹でー、あのー、お。,カスタマー: 蟹で、はいー。
オペレーター: 一応蟹でー、あのー、お。,カスタマー: お願いします。
オペレーター: お寿司し…。,カスタマー: もう、蟹料理がいいです。
オペレーター: お寿司し…。,カスタマー: 例えば、蟹のから揚げとか蟹のー天ぷらとか。
オペレーター: 工場でございますかー？,カスタマー: なーんか、北海道ってすごいー、いろんなの、物生産してるじゃないですか。
オペレーター: はい。,カスタマー: なんか、お菓子とか―、ビールとかー、そうゆうなんか、なんか工場見学みたいなの、出来るとこって、なんかー、工場見学とかー。
オペレーター: あ、お醤油、こちらお醤油も作ってるみたいなんですけれども、あのー、まぁ、例えば、お酒が好きであれば日本酒であったりとか、ワインが好きであればワインであったりとかー、あとはお醤油であったりとかミルクであったりとか、ってゆう感じなんですけれども、どういったものがお好きですかー？,カスタマー: そーですね、あんまりー、ワインを―、ちょっと母も私も飲まないので―。
オペレーター: <>,カスタマー: なのでー、ちょっとー、ミルクとかで、なんか、お土産とかにー、そーゆー、なんか、おっ菓子みたいなのと買えたらいいなと思うので―。
オペレーター: そーですねー。,カスタマー: ちょっと、そういうミルク系の工場行こうかなって思います。
オペレーター: お土産とかー、他にーちょっとー、お店見てみますか？,カスタマー: なんか、甘い物、なんかスイーツ系の。
オペレーター: はい。,カスタマー: で、あのー、お土産ー。
オペレーター: それはー、あのー、和食ー、和、風ーと洋風と、どちらがよろしいですか？,カスタマー: 洋風ですね。
オペレーター: あ、分かりましたー。,カスタマー: ちょっと、し、いろいろ、行ってみたいなって、はい。
オペレーター: ラーメンでございますか？,カスタマー: 味噌ラーメンが、食べたいなーって、思って。
オペレーター: 一応ですね、あのー夕飯の方はいかが致しますか？,カスタマー: あ、夕飯、さっき言った蟹の方で、お願いしたいので。
オペレーター: えっとー、ハイランドふらのでお風呂に、あに、お、えー、行きましてー、あのー、お風呂に入りまして―、すすきのの天然温泉、をに、立ち寄りまして―、えー、雪印メグミルクの、酪農の、乳の歴史館で、えーとー、工場見学をしまして、だいもの、大丸札幌売り場の食品フロアーほっぺタウンで、お買物して、であと、北…菓子、おろ、あう、ほっかし、ホッカ、ロウで、えー、い、札幌エスタ店に、行きまして、ラーメンの青竜、札幌蟹本店でお夕食って形でよろしいでしょうか？,カスタマー: あ、最初のー富良野ちょっと、1回キャンセルでもいいですかー？
オペレーター: こんにちは。本日はご利用いただきましてありがとうございます。お客様、どのようなご旅行をお考えでしょうか。,カスタマー: あ、はい。えーと、京都周辺を、えっとー冬の季節に、えーと恋人と2人で行きたいなというふうに思っています。
オペレーター: はい。あとですね、あのー、えーと他にですね、あのー京都に行かれまして、あのーどこか行きたいですとか、あのー見、あのー食べてみたいですとか、あのーそういったところはございますか？,カスタマー: はい。はい。はい。はい。そうですね、あのーえっと、あえてちょっと冬っていう季節を指定した<>けど。
オペレーター: はい。はい。ええ、ええ。はい。はい。,カスタマー: あの、夏場だと結構川床とか有名だと思うんですが。京都。
オペレーター: あ、左様でございますね。はい。,カスタマー: あの、京都の冬ならではの何か、あのー観光場所に1個行きたいなと思っていて。
オペレーター: ええ。はい。ええ。,カスタマー: 例えばその料理でもいいですし、あのーそうですね、あのー観光スポットでもいいんですけど。
オペレーター: あー、はい。はい。はい。はい。はい。,カスタマー: 何かその冬っていうシーズンならではの、あの、ものがあれば教えていただけたらと思います。
オペレーター: 観光スポット、あの、遊ぶとかですよね。,カスタマー: そうですね。あとはあの、スキー場とか、まあ京都ないかもしれないです、スキーとかスケートとか。
オペレーター: ええ、ええ。はい。あ、ええ、ええ。はい。,カスタマー: あとはあの、雪。京都っていってもあの、なんだろう。縦に長いと思うんですけど、雪が降る。
オペレーター: ええ、ええ。あ、ええ。あ、そうですね。はい。ええ、ええ。,カスタマー: 降りやすい地域とかもいいかなーと思います。
オペレーター: ええ、はい。はい。はい。はい。ありがとうございます。あと他にですね、あのーどこかあの、見てみたいですとか、あの食べてみたいですとか、こ、そういったご要望はございますか？,カスタマー: はい。あとはそうですね、えっと、京都といえばやはりあのー寺院とか仏閣かと思いますので。
オペレーター: はい。はい。,カスタマー: あの、山程あると思うんですけど、<>訪ねるからにはやはりちょっと最低一箇所はそういった場所で参拝もしたいなと思っています。
オペレーター: で、えーっとそうですね、あ、お客様は、あのー冬に行かれるとのことですよね。,カスタマー: あ、そうです。あえてちょっと寒い季節に、あのー訪ねようとしているんですけれども。はい。
オペレーター: はい。あ、あーはい、はい。ただいまですね、あ、お客様何かあのー和食とか、あのー洋食とかはあのーその京都ならではの料理ですとか、そういったご要望とかはございますか？,カスタマー: はい。はい。あ、そうですね、あのーせっかくなので、京料理を味わいたいと思います。
オペレーター: ええ。ええ、色々あるんですよね。ほんとに。はい。,カスタマー: あはは。そうですね、悩ましいんですが、冬なので、えーと鉄板焼きがちょっとあっ、体があったかくなれそうでいいなと思いました。
オペレーター: あ、とんでもないです。はい。あとですね、何かお土産とか、何か買われますよね。,カスタマー: あ、そうですね、お土産もはい、あのやっぱり旅行行ったからには、はい。買いたいです。
オペレーター: お客様、どのようなご旅行ご希望ですか？,カスタマー: はい、あの今年の7月に、あの、家族4人で、北海道に行きたいって考えてるんですけど。
オペレーター: はい、かしこまりました。ご家族様4人で北海道旅行ですね。,カスタマー: はい。
オペレーター: はい、あの、具体的な、あの、ご要望とかはございますか？,カスタマー: えっとー、ひとつ、海鮮が食べたいっていうのだけあるんですけど。
オペレーター: はい。お客様、あのー、お寿司はお好きですか？,カスタマー: あ、はい、好きです。
オペレーター: でー、あのー、はい、よろしければ、こちらご案内いたしますけれども。,カスタマー: あ、はい、お願いします。
オペレーター: はい、なかなか珍しく、はい、よろしいかと思うんですけれども。,カスタマー: はい。
オペレーター: はい、じゃ、あのこちらも、はい、あの、候補の1つとして、はい、押さえておきますね。,カスタマー: はい。
オペレーター: はい、じゃ、あのこちらも、はい、あの、候補の1つとして、はい、押さえておきますね。,カスタマー: お願いします。
オペレーター: はい、そちらもご案内いたしましょうか？,カスタマー: あ、はい、お願いします。
オペレーター: はい。一応候補の1つとして、置いておきますね。,カスタマー: あ、はい、お願いします。
オペレーター: うん、蟹シューマイがおすすめって書いてありますね。,カスタマー: あ、食べたい。食べてみたいです。
オペレーター: はい、ええ。,カスタマー: どうですか？あん…なんかこう、入りやすそうな方が、フフ、いいんですけど。
オペレーター: そうですね、あの、そのような写真がありますので、割と家族で入りやすい感じではありますね。,カスタマー: そうですね、なんかワイワイできるような雰囲気のほうが良いなーと思って、いま聞いたんですけど。
オペレーター: はい。じゃ、こちら、なかむらさんは、じゃ、ちょっと外しておきますね、じゃあ。,カスタマー: あ、はい、すいません。
オペレーター: 大自然…。,カスタマー: なんか、乗馬とか、フフ、なんか、お花がすごい、こう見れる場所とか、なんかあるのかなーと思ったんですけど。
オペレーター: こちらもひとつ、候補の1つとして押さえておきますね。,カスタマー: あ、はい。
オペレーター: あ、かなり広いですねー、はい。,カスタマー: フフフフ、はい、そういうとこに行きたいなと思ってたんですよ。
オペレーター: はーい。じゃ、こちらも1つ、候補の1つとして、はい。,カスタマー: お願いします。
オペレーター: 8月上旬までサクランボ狩りができるそうなんですね。,カスタマー: えー！やってみたいです。
オペレーター: もしよろしければ、はい。,カスタマー: あ、そこも是非、候補にしたいです。うん。
オペレーター: へー。お客様、ふ、船とか大丈夫ですか？,カスタマー: あ、はい、大丈夫です。
オペレーター: はーい。あとなにか、ほかに、あの、見たいところですとか、食べたいもの買いたいものとか、そういったご要望はございますか？,カスタマー: 北海道の美味しい食べ物をお土産に買いたいと思っていて。
オペレーター: はい。こちらも、なかなかよろしいかと思うんですけど。,カスタマー: あー、行ってみたいです。
オペレーター: あ、ラーメン屋さんというところで、詳しく調べてみますか？,カスタマー: あ、お願いします。
オペレーター: 全国からファンが集まる、集まるのも納得の1杯が満喫できると書いてあ<>。ハハハ。,カスタマー: せっかくなら、なんかそういう、有名な？お店に、はい、行ってみたいです。
オペレーター: はーい。はい。,カスタマー: そこを、じゃあ、候補に。フフフフ。
オペレーター: ああ、そうそう、ハハハ。で、こちらあの、赤と白味噌、赤味噌、白味噌、をブレンドしてー。うん、なかなかコクのある味わいだそうです。,カスタマー: こだわりの味？三代目の。えー、ここ、食べてみたいな。
オペレーター: あ、辛いの、あんまり、よ、駄目ですか？苦手ですか？,カスタマー: そうですね。父は辛いのが好きなんですけど、私があんまり、得意じゃないので。
オペレーター: そうですか、そしたら、はい。,カスタマー: 両方あるほうがいいな…フフ。
オペレーター: ええ、ええ。なので、じゃ、あのー、よし乃さんではなくて、三代目のほうがよろしい感じですね。,カスタマー: あ、そっちにしておきたいです。フフ。
オペレーター: はい。あとなにか、ほかに、見てみたいですとか、食べてみたいものとか、ご要望はございますか？,カスタマー: なんか、こう、ソフトクリーム？牧場とかで、こうなんか搾りたてのーみたいな、フフ、ありますかね？
オペレーター: あのー、パフェ？パフェとかに、あの、そうですね、アイスクリームも有名ですね。,カスタマー: あ、そこ行きたいです。
オペレーター: アイスクリームやデザートが楽しめると書かれてありますね。,カスタマー: あ、まさにそういうのを求めてました。フフフフ。
オペレーター: フフ。それがそうですねー。,カスタマー: あ、食べてみたい。どう…うん、せっかくなら。
オペレーター: はい。雪印パーラー本店さんですね。,カスタマー: 行きたいです、そこ。うん。
オペレーター: よろしくお願いいたします。えーと、今回のご旅行はどちらの方面をご希望ですか？,カスタマー: えっと広島県に行きたいなと思ってるんですけれども。
オペレーター: はい。えーと、ご人数様は何人ぐらいでご予定ですか？,カスタマー: えと、全部で5人です。
オペレーター: はい、5人様。えーと、ご家族とかご友人とか決まってますか？なんか…。,カスタマー: あ、そ…そうですね。あのー、家族で、あの、5人です。
オペレーター: あ、はい。えっと、ごりょ、あのー、お父さんお母さんと子供達みたいな感じでよろしいでしょうか？,カスタマー: あ、えーと、そうですね。あの、私たち家族4人と、あと子供が2人なんですけども。
オペレーター: はい。,カスタマー: あとあの、ちょっと、少し高齢の祖母1人で5人です。
オペレーター: はい、えーっと、季節とかは何かご希望はございますか？,カスタマー: あ、そうですね、あの、夏で考えてるんですけれども。
オペレーター: 夏の広島ということで。えー、何かこう、やってみたいとか行ってみたいとかいう場所はございますか？,カスタマー: そうですね、あの、ば、あの、広いと思うんですけど、あの尾道ってところに行ってみたくって。
オペレーター: えーとー、なに、尾道ではどんなことをされたいですか？,カスタマー: あ、そうですね、あの、ちょっと何があるのかもよく分からないんですけど、あの、散歩したり、景色を見たり。ま、あの、美味しいものとかも食べれたらって思ってるんですけど。
オペレーター: ええ。そちらはいかがですか？,カスタマー: あ、あのー、いいですね、あの、私が、あの、海がちょっと見たいなーと思ったりして。
オペレーター: あとはこう、そうですね、公園とかよりは、もうちょっとこう何か、見て歩いた方がいいですかね？あの、足が、歩くのが大変というようであれば、少し座って何かできるようなところは、いかがですか？,カスタマー: あ、そうですね。あのー、ゆっくりだったら歩けるんですけどもー、もしあの座ってっていうのがあったら、そういうプランも、あの、もし教えてもらえたらありがたいです。
オペレーター: <>…はい。,カスタマー: あの、プランは、あの、祖母と私に合わせてるので、食べ物は、ちょっとあの、男性たちの好みの洋食でお願いします。
オペレーター: いま、この3つが、ちょっと出てきてるんですが。えーと、この、カレーであったりパスタであったりっていうほうが良ければ、こっちの初めの2つは、あのー、カレーとか、あとパスタなんですけれども、はっきりしてるんですが、いかがですか？,カスタマー: あ、そうですね。みんな良さそうなんですけど、じゃあのー、2番目のアップルパイってお店。
オペレーター: あ、アップルスパイスでございますね。はい。,カスタマー: アップルスパイス、そうです、フフフ、アップルスパイス。
オペレーター: それともラーメンの方がよろしいですか？,カスタマー: あー、そうですね、あの、じゃ、せっかくなんで尾道ラーメン、食べてみたいですね。
オペレーター: えーとー、夏ですよね。,カスタマー: 夏ですよね。
オペレーター: ええ。,カスタマー: 意外に、あのー、無いのかもしれないし。じゃあ、い、あの、一般的な、なんか、えーとー、みんなが好きなものがある、あの、居酒屋とかでも良いんですけど。
オペレーター: では、えー、早速なんですけども、えー、今回、ご旅行先、どちらになりますか。,カスタマー: えーと、まだ行ったことのない鹿児島県にー。
オペレーター: うん。,カスタマー: ま、どことは決まってないんですけど行ってみたい。
オペレーター: 季節はいつ頃、予定されてますか？,カスタマー: まあ、秋なんかがいいかな。
オペレーター: 何か、なんだろう、なんか、これ、やりたいねっていうのがあってって形でしょうか？,カスタマー: 特には。あの、屋久島には、だ、行ってみたいなあ、なんて思ってます。
オペレーター: 屋久島で何か具体的にっていうのは、特にはお決まりではないって形ですか？,カスタマー: んー、まあ、あそこの大きななんか木があるって友人から聞いてますんで。
オペレーター: うんうん。,カスタマー: す、あー、古い大木ですか、それはぜひ見たいなと思ってますね。
オペレーター: えーっとですね、どういった系がよろしいですか？,カスタマー: 川の、川のきれいなとこがいいですね。
オペレーター: えー。あと、なんか近くに小島があったら行ってみたいなと思うんですけど。,カスタマー: えー。あと、なんか近くに小島があったら行ってみたいなと思うんですけど。
オペレーター: 小島ですね。,カスタマー: ちっちゃい島、なんか、すぐ回れちゃうような。
オペレーター: なんか他に見たいものとか。,カスタマー: ま、対馬にも行ってみたいことは行ってみたいですねー。
オペレーター: ではー、えー、早速なんですけども、えー、行先…、えー決まってれば、まず、教えてい…、ください。,カスタマー: 沖縄…県ですね。
オペレーター: はい。,カスタマー: えー…、とー、まあ一度～、母親とはー、あのー、りょ…、まあ、那覇を、中心にー、旅行をーしているんですけれどもー、まあ今回はですねー。
オペレーター: あー、そう<>。,カスタマー: あーのー、どちらかという地元の人がー、行くーような、お店？、であるとかー、レストラン、あとはー、例えばちょっと陶芸とか。
オペレーター: うんうんうーん。,カスタマー: 母が好きなんでー、はーい。
オペレーター: 陶芸…、ああ陶芸か。,カスタマー: そういった所にー、ちょっと行きたいなーと、思ってます。
オペレーター: 食べー物、から、お調べしますか。陶芸の方が良いですか。,カスタマー: あっ、まず、そうですね、食べ物からー。
オペレーター: 日に…、日取り、日取りというか、えー…、季節とかー、週末行く平日行くとかっていうのは、お決まりですか？,カスタマー: そうですね、春頃～…、予定してましてー、えー…、とですねー…。
オペレーター: うん。,カスタマー: ちょっと木曜日と金曜日をー休みを取ったのでー、木曜日からー、えー…、日曜日までー、居るつもりなのでー、まあ、そうですねー、平日～と休日両方考えてます。
オペレーター: おっそっばっとっかは。食べーられますか。,カスタマー: そうですねー沖縄そばー、是非～、美味しいの食べたいですねー。
オペレーター: どうしましょう、もうちょっとお調べする、か、それっとも…。えーとー、陶～芸…、の方、お探ししますか。,カスタマー: そうですね、四店舗探して頂いたのでー、まずそちらの方をちょっと行ってみたいなーって思いますのでー、陶芸の方を、検索頂けますでしょうか。
オペレーター: で…、で、たまっ…、どうしましょう、えー…と、他にも、何か。,カスタマー: そうーですね、例えばちょっと、見学みたいな、こともしたいなーと思って、てー。
オペレーター: ビール…、ビール工場的な…。っていう、こと…。,カスタマー: そうですねー、うーん…、あれば是非～…、行ってみたいなー…。
オペレーター: お土産とかにも買って帰ったりとか…。,カスタマー: そうーですねなんか、うーん。なんかー、もしービール工場みたいな見学出来てー、そこでー、なんか…、限定のビールなんて買えたらー、良いなーなんて思って<>、ねー。
オペレーター: ありがとうございます。では、行先等はだいたいどちらかお決まりですか？,カスタマー: そうですね、まだはっきりは決めてないんですけどー、なんか東北地方のー、そうだな宮城とか、その辺の温泉地でー、一泊でのんびりしたいと思ってるんですけどー
オペレーター: では、こちら行く季節はお決まりでしょうか？,カスタマー: えっとですね、近いうちなんで、もう冬ですよね、今って、うーん。
オペレーター: かしこまりました。,カスタマー: 行きやすいところがいいです。
オペレーター: では、何名様でのご旅行になりますでしょうか？,カスタマー: えーと、女性一人なんですけどー
オペレーター: 例えば、ホテルのような施設が良いか、あるいは旅館のような良いか―、ええー、どちらかご都合はございますか？,カスタマー: どっちかっていうと旅館のほうがいいですね。
オペレーター: <>そうなんですよ、ちょっと寒いかなという心配ありますのでー,カスタマー: そしたら、なるべく館内で<>ようなところが<>いいですね。
オペレーター: ええ、ええ、ええ、そうですね、そうなりますとー、どうでしょう、お客様、例えば博物館とか美術館<>,カスタマー: あー<>美術館とかは好きなんで
オペレーター: はい、市太郎の湯を温泉をお楽しみいただきまして、その前後に宮城県美術館の方をご覧になってお楽しみになるという方向でいかがでしょうか？,カスタマー: そうですね、メインは、まあ、滞在することなんで、ゆっくりと、まあ、空いた時間があったら、美術館も行ってみるっていう感じにしようかと思います。
オペレーター: はい、かしこまりました。では、お客様、苦手な食べ物とかはございませんか？,カスタマー: うーん、ウニとかね、トロとか、そういうのは食べないんです、私。
オペレーター: はい、ではですね、こちらあのー、お代金なんですけれども―、お客様やはり、あのー、コースのようなものをお考えでしょうか？,カスタマー: うーん、まあ、料金によってなんですけどー、はい。
オペレーター: では、お客様、お昼はいかがいたしましょう？夜はお魚ですけれども,カスタマー: お昼はですねえ、まあ、そのときによって考えこ、ようかなと思ってんだけど
オペレーター: はい、お客様どういったジャンルをお考えですか？,カスタマー: うーん、まあ定食みたいなのでいいんですけどー。
オペレーター: ええー、ではどうでしょう、定食のなかで洋食がよろしいでしょうか、それとも和食、あるいは<>なるほどじゃあ,カスタマー: あー、ちょっと難しいですね、そのときの気分なんでー、うーん。
オペレーター: お客様はどちらへご旅行なさいますか？,カスタマー: あ、今のところ九州を予定しております。
オペレーター: では、いつ頃ご旅行なさいますか？,カスタマー: えーとー、春を予定してます。
オペレーター: お客様あの、今回九州に行ってみたいと思われたということで、またどうして九州という風に思いつか。,カスタマー: あ、それは、自分の親の出身地がながさ、長崎なんですね。
オペレーター: ええ。あー。ええ、ええ、ええ。ええ。,カスタマー: なので、あのー長崎もしくは九州の他の県をこう比較して、相談した上で決めたいなと思いました。
オペレーター: 何市とかございましたら、あのこちらで。,カスタマー: そうですね、まず子供が楽しめる場所がいいですかね。あるいは、ええ。
オペレーター: ええ。,カスタマー: えっと、アトラクシャン、アトラクションも楽しみつつ、えーと自然を感じられる場所。
オペレーター: あるいは、お食事とかお買い物の場所を探すか、どちらがよろしいですか？,カスタマー: そうですね。食事の場所をちょっと、長崎詳しくないので、ちょっと調べていただきたいです。
オペレーター: こちらお選びいただいておりますけれども、他にお客様何かご希望はございますか？,カスタマー: えっとー、うん、きれいな景色が見られる場所がいいです。はい。
オペレーター: あるいは実際にこう、海の近くに行って何か景色を見るような場所、どちらがよろしいですか？,カスタマー: あ、山がいいですね。
オペレーター: はい。ではお客様、お買い物の場所とかは大丈夫ですか？,カスタマー: は、お土産とかがやっぱり欲しいですね。
オペレーター: はい。なんかあのーどうでしょうか。,カスタマー: あ、そうですね。自分が買うものをちょっと探したいです。はい。
オペレーター: ご興味あったかと思うんですけど、いかがですか？,カスタマー: あ、そのステンドグラスの方がいいですね。
オペレーター: はい。他にお客様何かお知りおきいただきたいことございますでしょうか。,カスタマー: えっと、夜ご飯とかで食べれる場所を探したいです。
オペレーター: ええ、ええ。ありがとうございます。そうしますとちょうどですね、長崎ちゃんぽんの店と、皿うどんの店。,カスタマー: あ、両方がいいです。
オペレーター: どちらへご旅行なさるかお考えはございますか？,カスタマー: えーとー京都の方に行きたいんですけど、はい。
オペレーター: では京都にいつ頃ご旅行なさいますか？,カスタマー: えーと、できればあの、あのー初夏に近くて本当に春って言う感じ。
オペレーター: はい、どちらがよろしいでしょうか？,カスタマー: うーんとー、よく修学旅行で訪れるような所じゃないー、えーっとー。
オペレーター: えーえー。,カスタマー: エリアで、えーとー、あまりこう観光地らしくない、こうお寺巡りをしたいなと思ったんですけど。
オペレーター: あーなるほど。,カスタマー: うん決めたんですけど、でもあの今のお話だとなんかその、嵐山の方？中心部からやっぱりちょっとはずれた。えーっと。
オペレーター: ええ、ええ、うん、うん、ええ。,カスタマー: そういう所をちょっとそぞろ歩きしながらー。
オペレーター: ええ、ええー。,カスタマー: んん、見る方を選びたいなと思います。
オペレーター: そういった事も考えられますけれども、いかが致しましょうか？,カスタマー: えーと、その、そのお寺の周辺の自然を、えーとーた、少し楽しみつつあのー確か京都って。
オペレーター: そういった事も考えられますけれども、いかが致しましょうか？,カスタマー: あのーバスとかもあのーそこ通ってる<>ですので、また違うお寺も行ってみたいと思います。
オペレーター: どのようなご希望御座いますか？,カスタマー: あっ、できればあのーテレビで見るとかよくみんなが行くって言うよりは、鄙びた、あの大小は関係なくなんかこう。
オペレーター: ええーええ。,カスタマー: うーん。おっ、仏像様をこうじっくりこう堪能してみるとか。
オペレーター: ええ、ええ。,カスタマー: なんか、本当庭園が、日本庭園みたいな庭がいいとか。
オペレーター: ええ、ええ、ええ、ええー。,カスタマー: そんなような所が良いです、はい。
オペレーター: そうですね、神社も結構ございまして、お客様お寺の方をご希望ということですよね、神社ではなくて。,カスタマー: あ、でも神社でもお薦めのものがあれば、うん。
オペレーター: 決めておりませんので、どちらかお探し致しますがいかがでしょうか？,カスタマー: あ、そうですね。じゃあ昼食を、はい。
オペレーター: 或いはあのー旦那様どういったものが苦手ですとか、お客様ご自身がこういったものが苦手ですとか、ございましたら教えて頂けますか？,カスタマー: あ、えーっとーそういうのは特にないんですけれども、あのー京都ならではの、あのー、うん、し、あんまりこう、しゃちほこばったって所じゃなくって、あのーなんかゆっくりこうお豆腐を楽しむとか、なんかおいしいその春のお魚を楽しむとかそんな感じで。
オペレーター: はい、ではお客様どちらになさいますか？先程の定食系のお店がよいか、或いは今申し上げましたこちら名前がですね、京料理卯柳先斗町花と言います。,カスタマー: せっかく行ったんだからー、あのーその川を、川の流れをこう愛でながらええお食事するというのを、こうちょっとやってみたいです。
オペレーター: はい。,カスタマー: 春先なんですけど、ちょっと北陸の方ですね。
オペレーター: はい。,カスタマー: 石川県で、はい。
オペレーター: 北陸ですか。,カスタマー: 富山とか福井とか、そのあたりをこうまとめてくれるとこう、一人旅に。
オペレーター: 一人旅、北陸、あれ、富山って仰ってましたっけ？富山と。,カスタマー: あ、そうですね、なんかあの北陸三県。
オペレーター: 一人旅、北陸、あれ、富山って仰ってましたっけ？富山と。,カスタマー: あの辺をこう、重点的にちょっと車とか借りて。
オペレーター: 一人旅、北陸、あれ、富山って仰ってましたっけ？富山と。,カスタマー: 回れればいいかなと。
オペレーター: 車で。,カスタマー: まあちょっと、3日4日休もうかと思って、要は1日で一つの県をぐるーっとこう。
オペレーター: 車で。,カスタマー: 回っていこうかなみたいな。
オペレーター: うんうん。,カスタマー: まあ、もしぐるっと一つの県回れないんだったら。
オペレーター: うんうん。,カスタマー: こう海沿いでこう。
オペレーター: うんうん。,カスタマー: 富山、石川、福井みたいなところをこう<>。
オペレーター: うん。,カスタマー: あのー回っていけたらいいのかなと思ってまして。
オペレーター: 福井。,カスタマー: まあもしそのところどころに。福井。
オペレーター: 福井。,カスタマー: なんかこう有名な温泉どころとかあったら。
オペレーター: 福井。,カスタマー: なんかこう一つの県に1箇所ずつ温泉入ってくーみたいな。
オペレーター: うん。,カスタマー: そういう感じメインかなと、はい。
オペレーター: なんか。,カスタマー: なんか効能とかはそこまで求めてないんで。
オペレーター: なんか。,カスタマー: 風景ですかね、ちょっと例えばその海が背景になっている露天風呂だったりとか。
オペレーター: なんか。,カスタマー: こう綺麗なこう、山が見えるような露天風呂とか。
オペレーター: あーなるほど。,カスタマー: まあちょっと秘湯じゃないですけど、そういうちょっとこう。
オペレーター: あーなるほど。,カスタマー: まあうーん、そういうなんか非日常みたいな。
オペレーター: あーなるほど。,カスタマー: ところとかが感じられたらいいなと。
オペレーター: ここはまあ、かなり良いかなという。,カスタマー: そうですね、まあ基本こう、1日動いて夜に入れたらいいかとは思ったんですけど、まあ逆に。
オペレーター: うーん。,カスタマー: そういうところをちょっとこう、短い時間で。
オペレーター: うーん。,カスタマー: あのーちょっと入って。
オペレーター: うーん。,カスタマー: まあその後ゆっくりくつろげるところでもう1回。
オペレーター: うーん。,カスタマー: その泊まるところとか、泊まる前とかでちょっと。
オペレーター: うんうん。まあそこに行きながら、途中でなんか食べたりとか。,カスタマー: うんうん。まあそこに行きながら、途中でなんか食べたりとか。
オペレーター: うんうん。まあそこに行きながら、途中でなんか食べたりとか。,カスタマー: まあそもそもその途中の風景も楽しめると思うんで、まあまああんまり。
オペレーター: うんうん。まあそこに行きながら、途中でなんか食べたりとか。,カスタマー: なんかいっぱい別に、あのーなんか動物園とか見るわけじゃないから。
オペレーター: うん。,カスタマー: まあいいのかなと思ってますけどね。
オペレーター: 一応食べる方をお調べしてみましょうか。,カスタマー: そうですね、はい、もう1人なんでもう完全にもう自分のなんか好きなもので色々。
オペレーター: 一応食べる方をお調べしてみましょうか。,カスタマー: 興味あるものがあればですけど。
オペレーター: 好き嫌いとかは大丈夫ですか？,カスタマー: あ、そうですね、なんかあんまりこう精進料理みたいなところとかはあんま興味ないんで。
オペレーター: うん。,カスタマー: あのー肉っぽいやつとか、こうB級グルメとかで全然。
オペレーター: まあそれを使った蕎麦とか。,カスタマー: まあでも山菜だったらまだ海鮮とかのがいいですかね。
オペレーター: 富山、石川？,カスタマー: そうですね、富山の隣の石川とか、はい。
オペレーター: うん、そうっすね。,カスタマー: 珍しいって意味では。
オペレーター: うん、そうっすね。,カスタマー: まあその、小腹にはいいかもしれないですけど、だからメインで食べるんだったらもうちょっとこう。
オペレーター: うん、そうっすね。,カスタマー: 石川県の、のどぐろ、のどぐろとかじゃないですけど、なんかこう海鮮だったりとか。
オペレーター: 魚、あ。なんか、はい。,カスタマー: あとはなんか、確か能登牛とかって、場所によってなんかそういった。
オペレーター: 魚、あ。なんか、はい。,カスタマー: あのーブランド牛みたいのもあったような気がするんで。
オペレーター: 魚、あ。なんか、はい。,カスタマー: なんかそういうところも。
オペレーター: うん。,カスタマー: なんかこう回りながら<>たらいいかなって思ってまして。
オペレーター: あと、お肉がちょっと今出てこないので、えー。,カスタマー: あ、もしお肉メインみたいなところがあるんなら。
オペレーター: あと、お肉がちょっと今出てこないので、えー。,カスタマー: ちょっとそこも参考にしたいですね。
オペレーター: 魚が多いですね、やっぱりお魚料理が。,カスタマー: なんか、B級グルメみたいなのとかだと出てこないですかね？
オペレーター: うーん。,カスタマー: 強い人だったらまあ1番最初のその。
オペレーター: うーん。,カスタマー: なんかこう一品料理のお店とかもまあこう日本酒が楽しめるみたいな感じあるんですけど。
オペレーター: うーん。,カスタマー: あんまりそこまでこう、ピンとは来ないので。
オペレーター: うん。,カスタマー: あまりお酒のこう、つまみとか肴みたいなものはなくても。
オペレーター: うん。,カスタマー: いいようなお店で全然、例えばもうなんとか丼とか。
オペレーター: うん。,カスタマー: そういうので完結してほしいかな。
オペレーター: 石川でも温泉入っときますか？,カスタマー: あーそうですね、あの能登、能登半島ぐるっと回れればいいなと思ってるかな。
オペレーター: じゃあそこまで温泉ってわけじゃないって感じ。,カスタマー: そうですね、なのでその要は能登半島の出発地点みたいなところで入るのか。
オペレーター: じゃあそこまで温泉ってわけじゃないって感じ。,カスタマー: 要はその能登半島の先端の方で入るのか。
オペレーター: うん。,カスタマー: もしくはその、もう1回帰る途中のそのまた根本の方で入るのかで変わるんで。
オペレーター: うん。,カスタマー: まあ理想は。
オペレーター: うん。,カスタマー: まあそうすると日中とか。
オペレーター: うん。,カスタマー: 夕方前とか、あーでも日中かな、に1回この<>
オペレーター: うん。,カスタマー: なんか温泉があれば入りたいですし、なかったら1回その。
オペレーター: うん。,カスタマー: もう日中、朝から夕方までぐるーっと<>回っちゃって。
オペレーター: うん。,カスタマー: まあその石川県をこう、ねも、根本みたいな、金沢のあたりとかに入れたらいいのかなと。
オペレーター: もう行きたいー、その場所だったりー、えー地方だったり県とかってもう、決まってらっしゃいますか？,カスタマー: はい。えー…、沖縄～…ですね。ええ。
オペレーター: はい。,カスタマー: っと、暖か、かいかなと思って沖縄…、を希望します。
オペレーター: 暖かい頃ということは、えーと季節的にはいつ頃～、になるんでしょうかー？,カスタマー: えーと、冬～…にーですねー、ちょっとこちら、寒いのが苦手なんでー、暖かいー、所へ行きたいなーという、<>沖縄ですね。はい。
オペレーター: こちらえーと何名様で―…、いらっしゃる感じでしょうかー。,カスタマー: えー、一応ですね、ちょっと一人でー、フラっと行ければー…、良いなと思ってます。はい。
オペレーター: あっ。,カスタマー: 出来ればそういう所を見たいです。はい。
オペレーター: ちなみになんかこうー、苦手な食べ物だったりとかー、そういったものは大丈夫でしょうかー。,カスタマー: ああ、えっとですねー、ちょっと気にしてますのがー。
オペレーター: はい。,カスタマー: あのー…、ちょっと今～、こういう状況の中であの、こ、国際通りのような、この密集した…。
オペレーター: ええ、ええ、ええ、ええ。,カスタマー: まあ、観光地、まあ、ああたぶんおそらくー、有名なお店があるんでしょうけどー。
オペレーター: ええ、ええ、ええ。,カスタマー: えー、ちょっとそういうの、じゃなくてー。
オペレーター: はい。,カスタマー: どっか離れた所にー、一軒…、そ、そこそこー、地元の人にもー。
オペレーター: はい、はい、はい、はい。,カスタマー: 受け入れられてるみたいなー、所があればー、嬉しいなあ、という。
オペレーター: なんかこう、あんまりこう、大きな、お店というよりはちょっとこう…、地元～、の人が行くようなちょっと小さめのー…、店が良いという<>。,カスタマー: はい。あのー、観光客とかが、で密集してないー。
オペレーター: はい、はい、はい、はい。,カスタマー: ちょっとゆとりのあるようなとこ…、で、おいしければ嬉しいなーと。
オペレーター: えーっとあとたべ、食べ物的にはこういうのが…、食べたいとかはありますかー？なんか、お蕎麦でしたりとかー…。,カスタマー: 沖縄なんでー…、ちょっとあまりー、調べてないんですけどーあのー、か、こ、ぶ、ん、ん、豚～…、　海産物よりもー、豚肉をー。
オペレーター: ええ、ええ、ええ。,カスタマー: のー、料理でー、美味しいもんがあれば…、ちょっと試してみたいなーと。
オペレーター: えーとやっぱりそのー、史跡的な場所がー…、ご興味がある感じですかね、それともなんか、自然…スポットだったりビーチとか…、そういう場所にも、ご興味ございますかー？,カスタマー: あー、やっぱりね冬、冬ですので、ちょっとビーチという感じですと、ふっ、ふーっ、あの、スーッ史跡～、ひっ、ひっ、ひっー、とかーでー、折角～、見れるならですねー。
オペレーター: <>,カスタマー: い、知る人ぞ、知るみたいなちょっとー、うん、マ、マニアックなとこなんかも…、行ってみたいなっ、という感じですね。
オペレーター: はい、では午後、えーとー、おそらくもう一か所ぐらい回、れると思うのでー、もうちょっとー、お探しになりますかー？,カスタマー: そうですねー、そのー…、首里ぞー、城の近くでー。
オペレーター: はい、では午後、えーとー、おそらくもう一か所ぐらい回、れると思うのでー、もうちょっとー、お探しになりますかー？,カスタマー: ええー…、ま、まあ今～…、教えて頂きました、りゅ、龍潭のようなーあの、ん、んん－、えー今あの、初めてー、聞いた名前なんすけど、あの、そう、そういうちょっと…。
オペレーター: ええ、ええ。,カスタマー: ちょっとこう、は、外した、外したというか…、お、王道から少し、斜、斜に構えたような場所があれば。
オペレーター: うん、うんー。,カスタマー: はい、しゅ、首里城コースでまとめて、んん、午後、三箇所行きたいなーと思ってます。
オペレーター: あと例えば<>、はい。,カスタマー: 出来ればある、歩いて行けるー…。
オペレーター: あと例えば<>、はい。,カスタマー: ん、範囲でー。
オペレーター: あと例えば<>、はい。,カスタマー: も、モノレールとか、ん、乗ら、乗らず、タクシーとか乗らずにー。
オペレーター: あと例えば<>、はい。,カスタマー: あのー…、もう散歩がてらー、周りぐるっと回れるような所に、良いもんがあれば嬉しいですけど。
オペレーター: ではこの近くでもうちょっと史跡探しますかー、それともなんか夕食とかの方を、考えたりとかでもー。,カスタマー: そうー、ですね、どうでしょうかねー。んぐ、午後に三つー…。
オペレーター: ではこの近くでもうちょっと史跡探しますかー、それともなんか夕食とかの方を、考えたりとかでもー。,カスタマー: つっ…、たぶんですねー、そー…、ちょっ…と、バタ、バタバター、せずにー、もうそっこのー、午後はー、ゆっくりと歩いてー。
オペレーター: ええ、ええ、ええ。,カスタマー: ちょっとその、歩くのも楽しみながら、も、三つぐらいにしておいてー。
オペレーター: はい。,カスタマー: ええ。まあ日が暮れた六時ぐらいからー…。
オペレーター: はい。,カスタマー: ちょっとー…。むぐ、ご飯でー…。
オペレーター: はい。,カスタマー: あとはー、宿に戻ってゆっくりお風呂というようなパターンにしたいかなーと思いますんで。
オペレーター: あっ、なるほどなるほど。,カスタマー: そうですね、是非～、あのー、あのー、晩御飯のー、食べれるー、所、<>。
オペレーター: <>,カスタマー: まあ、首里城の近くの方が良いでしょうかね。
オペレーター: なるほど、ちょっと<>。,カスタマー: まあ絶対、魚介が、ダメだというわけではないんですけど…。
オペレーター: ああ、ああ。まあそうですよねー。,カスタマー: ちょっと豚はー…、あーうーんー、あのー…、れん、連続じゃなくてちょっと避けた方が良いかな。
オペレーター: あとは…。,カスタマー: ぼーくーかーあれかね、居酒屋みたいにー、いろんなものがおいてある店の方がー…、結局…、良いかな…？うん。
オペレーター: 一応なんか泡盛のお店でしたりとかー…、泡盛とかってお飲みになられますかー？,カスタマー: はいはい。い、良いですね。あの…。泡盛ハイボールとか…。
オペレーター: ああー…。,カスタマー: お、む、向こうの居酒屋にあるようなー、もんもー、ぜ、是非呑みたいんで。
オペレーター: ああー…。,カスタマー: はい、いざ、居酒屋でー。
オペレーター: どっちがー…。,カスタマー: そ、それならー、まあ、折角なんでー、よ、夜のー…、居酒屋もー、ちょろっとー。
オペレーター: どっちがー…。,カスタマー: 見てみたい感じが、しますかねー。
オペレーター: えーっと、そんなに遠くはないと思いますね。,カスタマー: ま、まあ、遅くまで呑むならー歩いて帰れるー距離がいいかなーと思ったんですけどねっ、ふーっ。
オペレーター: では早速なんですけども、あのー今回ご旅行の行き先など決まってればえー教えて下さい。,カスタマー: えーと、ざっくりなんですけどあの
オペレーター: はい北海道,カスタマー: はい北海道
オペレーター: 北海道,カスタマー: はい
オペレーター: 北海道,カスタマー: ちょっとあの、今年の冬に行きたいなと思ってまして
オペレーター: ちなみに人数とかってもう決まってますか？,カスタマー: えっとー、僕と彼女二人で
オペレーター: 具体的に何かしたいとか、あのー決まってれば、良くご旅行とかされるんですか？お二人で,カスタマー: やーあの、北海道の方は本当に仕事以外で行ったことがなくって、
オペレーター: あ、はじめてもう本当にメジャーどころとか,カスタマー: あ、はじめてもう本当にメジャーどころとか
オペレーター: あ、はじめてもう本当にメジャーどころとか,カスタマー: あのーちょっとまあ雪まつりのシーズンに行きたいと思うんで、まあやっぱりそういう所をおさえながら、なんかおいしいものとか、こう流氷じゃないですけどなんか風景として<>
オペレーター: 風景とか,カスタマー: はい、行けたらなと思ってるんですけど
オペレーター: どうしましょう、遊ぶとかでお調べしますか？遊ぶスポットとか,カスタマー: そうですねーはい。食事だったり遊ぶとか、はい。
オペレーター: 何か好き嫌いとかって、食べたいものとか,カスタマー: あー、特に苦手なものはないんですけど、まあできればその北海道由来、ジンギスカンとかじゃないですけどなんかそういうこっちでなかなか食べられないようなものとかあったらいいかな
オペレーター: なんかそういったのってありました？な、特にはないですかね？,カスタマー: でもー、なんかこう昼も夜も肉料理とかにするんだったら、まあ例えばそのお昼か夜に鍋に、その野菜が多い鍋とかだったら、まあ尚いいかな
オペレーター: ご旅行って週末にされますか？,カスタマー: あ、そうですねもう、はい、土日の週末、はい、
オペレーター: じゃあ土曜日の夜に行く形ですかね、こちらへ,カスタマー: そうですね、はい。行けるんだったらその日で調整してもらえればと思うんですけど
オペレーター: そういう感じですかそういう感じもいいですね。<>もたれちゃうとかあるかも<>,カスタマー: そういう感じですかそういう感じもいいですね。<>もたれちゃうとかあるかも<>
オペレーター: とかっていうのがあったりするお店があるんですけど、こういったいろんなものが食べられるほうが良いですかね,カスタマー: そうですねー、まぁさっきの一番最初のジンギスカンのお店も室内だったら全然もうそこでいいかな
オペレーター: そうですよね,カスタマー: と思うんですけど、まぁそういう室内重視っすかね、時期的に。なんでそこで食べれればその後のラムチョップとかそういう所でもいいですし、まぁもしジンギスカンがあればジンギスカンでも、はい
オペレーター: で、えっと他に甘いものとかどうしましょう甘いものもしくはどこか見に行くとか,カスタマー: そうですね、まぁちょっとその北海道が広いんで、まぁちょっと最初はスタート地点として札幌周辺とはなっちゃう<>思うんですけど、まぁもしそこから例えば車とか、1、2時間とかで行けるようなところとかで、なんかこう、海までは行けないと思うんですけど、山だったりとか湖だったりとか<>そう雪景色だったりとか、まぁそういう所がもしあれば、まぁちょっと足を運んで行って、まぁ札幌市内戻ってきて
オペレーター: うん,カスタマー: 夕飯みたいな、そういうのがいいのかなと
オペレーター: ちょっと観光スポット,カスタマー: まぁもしなんか時期的にもう本当に逆に雪景色以外なにもなくて、みたいな<>だったら、もう本当にもう札幌だけを周遊みたいな、なんかこう色々はとバスじゃないですけど、もしそうゆうものみたいなのあれば、教えてもらえたら<>
オペレーター: そういった何だろう、えっと、ろ、えーと,カスタマー: なんか路線バスプランっていうんですかね？なんか
オペレーター: プラン、ぶら、ぶらり旅的な,カスタマー: まぁなんか市内周遊みたいな<>かね
オペレーター: なんかいろいろあのカテゴリーでお調べできるんですけど、えっと自然とか例えば建物、動物園とか,カスタマー: ああー動物園もそうですね、もしやってれば
オペレーター: 餌やりとかってみたり興味あります,カスタマー: あーまぁ、可愛ければ、ですかね
オペレーター: ふれあいなんか、はい、なんかこう見るだけじゃなくて、その檻の中の生き物見るよりもむしろそういう生き物と距離が近かったりとか、犬ぞりなんかめったに乗らないんで,カスタマー: ふれあいなんか、はい、なんかこう見るだけじゃなくて、その檻の中の生き物見るよりもむしろそういう生き物と距離が近かったりとか、犬ぞりなんかめったに乗らないんで
オペレーター: そうですよねそういうのが<>いいですね、はい、犬ぞりすごくいい,カスタマー: そうですよねそういうのが<>いいですね、はい、犬ぞりすごくいい
オペレーター: ライオンに直接餌やりとか,カスタマー: あーいやそれよりもお話しされていた犬ぞりとかの方がいいですかね
オペレーター: そういった方がいいですかねさっきより、どうなんだろ,カスタマー: かー、まぁ、動物園中心だとどうしてもその、円山とか旭山動物園とかになっちゃうんで、なんか犬ぞりとかそういう普段やらないようなウィンタースポーツっていうかその
オペレーター: うん,カスタマー: やれるような、まぁそのパークとか、もしそういうのが、大きいのがあれば、そっちの方が興味あるかもしれないですね
オペレーター: どっちもまぁいいところあるんですけど,カスタマー: いや、ちょっとー
オペレーター: どっちもまぁいいところあるんですけど,カスタマー: そうですね、それぞれ
オペレーター: んー,カスタマー: まぁ、若干あのまぁそのジャンルが違うんで、まぁ時間あれば両方行きたいですけど、まぁ優先順位でいったらまぁ後者の
オペレーター: 後者の,カスタマー: 40分かけていく方ですかね
オペレーター: 見ておきたいものとか,カスタマー: んーでも多分その移動してそこで動物園なり、その
オペレーター: うん,カスタマー: パーク的なものをするとまぁだいたいもうそれで日中終わっちゃうかなとおもうんで
オペレーター: うん,カスタマー: まぁ先ほど話したみたいにその、土曜日曜で行こうと思ってるんで、もし仮に土曜日にその、まぁ夜あのージンギスカンのお店も<>あっ、石狩鍋か、
オペレーター: うん,カスタマー: まぁ<>だったんで
オペレーター: あっそうですね,カスタマー: まぁとりあえず今まで話したもので組み合わせるんだったらなんか一日目はそういう形にして、
オペレーター: うんなんかその、二日目の方に例えばさっきのま動物園をこう<>設定するとか,カスタマー: うんなんかその、二日目の方に例えばさっきのま動物園をこう<>設定するとか
オペレーター: うん,カスタマー: なんかまぁさっきのちょっと周遊プランみたいなのいいましたけどもしそういうこう
オペレーター: うん,カスタマー: 電車でぐるぐるとかバスでこう回るみたいなのがあれば、なんかそういうのを、まぁ次の日に、まぁ帰る前にちょっと
オペレーター: うん,カスタマー: こう、ちょっと行けた方がいいのかなとは思うんですよね
オペレーター: そうですね、んん、そうですね、ちょっとまぁ周遊プランが,カスタマー: ああもう全然散策でもいいんですよ、なんかこう、札幌市内とかのなんか歴史的ななんか建物だったりとか、なんかこう、
オペレーター: うん,カスタマー: 商店街じゃない<>大きな通りじゃないですけど<>有名ないろいろこう、物が並んでるようなところとかあれば、まぁそこ歩くだけでも時間潰せるのかな
オペレーター: えーと、それでは、えーと、行き先はもう決まってらっしゃいますか？,カスタマー: はい。えー、京都ですね。
オペレーター: 京都ですね。,カスタマー: 京都市内を、はい。
オペレーター: 一応、行かれる季節、えーと、いつ頃に行かれるのは、もう決まってますか？,カスタマー: そうですね、あの、ゴールデンウィークの前ぐらいに。
オペレーター: ちなみに、えーと、どういった方と、い、えー、行かれるんでしょうか？,カスタマー: はい。えっとー、仕事の仲間でちょっと約束しておりますので、大体、よ、4名。
オペレーター: あ。なるほど、なるほど。お仕事仲間と。,カスタマー: あ、いや、わ、私含めて4名ですね、はい。
オペレーター: 何か、こういうことをしてみたいとかって。,カスタマー: できればね、えー、あの、美術館巡りなんですが。
オペレーター: あー、なるほど、なるほど。,カスタマー: はい。あの、一つ、あのー、京都近代美術館は必ず入れて。
オペレーター: はい。,カスタマー: そこ、そこから、えー、ま、いろいろと、ま、お、あの、企画内容によるんですけど、あのー、面白い展示がやってたら、あの、行きたいなあと。
オペレーター: なるほど。,カスタマー: いう感じですね、はい。
オペレーター: えーと、まあ、美術館でしたり、博物館でしたり、そういったものを、えー、見ていきたいという感じですね。,カスタマー: そ、いや、美術館だけで。はい。はい。特に。はい。
オペレーター: あ、美術館。あ、博物館とかではなく、えっと、本当、美術。,カスタマー: はい。もう美術館を、はい、と、見たいなと。
オペレーター: ええ、ええ。,カスタマー: えー、それに関連させてですね、その。
オペレーター: はい。,カスタマー: え、お茶器、ま、さ、茶道ですね。
オペレーター: はい、はい、はい。,カスタマー: あのー、それ系統の、んー、なんか美術展示してるやつがあれば。
オペレーター: なるほど、なるほど。,カスタマー: えー、め、巡りたいなあと思いますんで。
オペレーター: はい。,カスタマー: それであれば、と、とき、その、京都の、ま、最もメジャーな美術館で、どんな展覧会がやってるかというのをお調べいただいて。
オペレーター: はい。,カスタマー: その企画が面白そうでしたら、ぜひ行きたいなあという感じでしょうか<>。
オペレーター: 一応、もうちょっと代表的な美術館を何個かピックアップいたしましょうか？,カスタマー: そうですね。ちょっと、あの、京都行って、そこも行ってないのかって言われるのは嫌なんで、ちょっと。
オペレーター: あ、なるほど、なるほど。,カスタマー: あのー、はい、で、え、よく、まあ、ま、人気のあるスポットを、ちょっと教えていただければと。
オペレーター: じゃあ、もうちょっと、その、絵画でしたりとか洋画だったり、そういうものが、よ、いいですかね？あん…。,カスタマー: そうですね。まあ、えー、京都は彫刻も絵も盛んなんで。
オペレーター: はい。,カスタマー: はい。あのー、ま、できれば、京、京都画壇とか。
オペレーター: はい、はい、はい。,カスタマー: 京都、京都の人が、生み出したものが見れるようなところがうれしいですね。
オペレーター: それか、お食事処だったりとか。,カスタマー: はい。食事の情報も、ちょっとですね。はい。
オペレーター: かしこまりました。ではお食事で。,カスタマー: 食事でー。
オペレーター: 検索して、えー、してみますね。,カスタマー: 特に、ひ、昼はもう簡単な。
オペレーター: はい、はい、はい。,カスタマー: できるだけ見て回りたいんで。
オペレーター: なるほど、なるほど。,カスタマー: もう。
オペレーター: うん。,カスタマー: さくっと食べれるような。
オペレーター: 結構ライトな感じが。,カスタマー: ものでいいかな。
オペレーター: そうですね、こちらで、まあ、お昼はさくっと済ませるということもできるかなと思います。,カスタマー: えー、ま、そんなに、まあ、こ、今回、あのー、1人、女性が入ってるんで、あんまり。
オペレーター: ええ、ええ、ええ。,カスタマー: ボリューミーなものを時間かけてゆっくりというよりも、もう本当に軽く、うん、さ、さくっと、まあ、まあ、どく、そう、丼もんもあるとおっしゃってたんで。
オペレーター: はい。あと、他、夕食も探しておきましょうか？,カスタマー: そうですね。それとですね、あの、次の日がちょっと忙しいんで、あの。
オペレーター: ええ、ええ、ええ。,カスタマー: お土産をその日に。
オペレーター: あー、なるほど、なるほど。,カスタマー: できれば買いたいと思ってまして。
オペレーター: はい、はい、はい、はい。,カスタマー: んーで、ちょっと一緒に行く者の中でですね、ちょっと希望してるのが、あの。
オペレーター: はい。,カスタマー: 京都で和菓子ではなくてですね。
オペレーター: はい。,カスタマー: あのー、まあ、和菓子だったら、み、みんな京都のお土産にするんですけど、あの、いが、意外と洋菓子が。
オペレーター: なるほど。う、う、受けが、おしゃれで受けがいいと言うのがいまして。な、なんか。,カスタマー: なるほど。う、う、受けが、おしゃれで受けがいいと言うのがいまして。な、なんか。
オペレーター: ええ、ええ、ええ。,カスタマー: なんか、そう、そういうのでいいお店があればですね、ちょっとマニアックなものをお土産にしたいなと思ってまして。
オペレーター: ああ、日、どうなんですかね？ひみ、日持ちするかどうかはちょっと、何とも言えないんですけど、あと、焼き菓子などもあるんで、他のものでしたら。,カスタマー: あ、焼き、焼き菓子が、やっ、やっぱり、か、か、あの、か、軽くて。
オペレーター: うん、うん、うん、うん。,カスタマー: はい。あのー、まあ、ん、恐らく個包装なんで、みんなに配る、仕事仲間に配るのにいいかなあと。
オペレーター: はい、はい、はい。,カスタマー: はい。ぜ、ぜひ、ちょっと教えていただきたいなと。
オペレーター: アハハハハ。そうですね。,カスタマー: それほど、はい、高級じゃないところがあれば、ちょっと、おして、教えていただきたいですね。
オペレーター: ありがとうございます。ではー、お客様、どちらへご旅行なさいますか。,カスタマー: えっとー、長崎の方～に、行きたいんですけれどもー。
オペレーター: 九州のー、長崎県で、よろしいですか。,カスタマー: はい、そうです。
オペレーター: かしこまりました。では長崎に、いつ頃、ご旅行なさいますか。,カスタマー: えっとー、夏～です。
オペレーター: では何名様でのご旅行となりますでしょうか。,カスタマー: えっとー娘と二人で行きまーす。
オペレーター: お子様とでは、お二人でございますね。,カスタマー: はい。
オペレーター: ええ。,カスタマー: 二十六歳の、あのーしゃ…、もう会社員です。
オペレーター: ではあのー、お子様向けの場所というよりー、大人の方、親子で、お楽しみ頂けるような場所がよろしいでしょうか。,カスタマー: そうですね。
オペレーター: ええっ、ええっ、ええ、ええ。ええ。,カスタマー: 今度はそうじゃなくってー。
オペレーター: ええ。,カスタマー: あのー、なんか長崎、教会いっぱいー、宗教の関係でい、い、いちいろんな教会があると聞いたのでー。
オペレーター: ええ、ええ。,カスタマー: あのー。スーッ。まあ、あの、あんまりそんな有名、どころじゃないやっぱり小さな教会～を回ったりー。
オペレーター: ええ。,カスタマー: あとなんか、トルコライスが有名だ、っていうのでー、それをー、お昼に、あの組みー込んだー、旅行がしたいな、と思ってます。
オペレーター: それではまずは教会の方から調べてみましょうか。,カスタマー: はい。
オペレーター: ま、一つ、おそらく有名なのがー、カトリック浦上教会…、だと思うんですけれど、こちらー、もうお客様既にー、ご訪問なさってる。スーッ。そうですよねー。でしたら、今回はここは、行かなくてもー…、大丈夫です<>…ね。,カスタマー: あーそうですねー、はい。
オペレーター: ま、一つ、おそらく有名なのがー、カトリック浦上教会…、だと思うんですけれど、こちらー、もうお客様既にー、ご訪問なさってる。スーッ。そうですよねー。でしたら、今回はここは、行かなくてもー…、大丈夫です<>…ね。,カスタマー: そうですそうです。はい。
オペレーター: ま、一つ、おそらく有名なのがー、カトリック浦上教会…、だと思うんですけれど、こちらー、もうお客様既にー、ご訪問なさってる。スーッ。そうですよねー。でしたら、今回はここは、行かなくてもー…、大丈夫です<>…ね。,カスタマー: はい、行かないで、はい、はい。
オペレーター: あっ、ええ。,カスタマー: 出来ればー、やっぱりー、古く、古くてー、あのー、お客様、<>。
オペレーター: そうですよねー。,カスタマー: ん、ねえ。な、なんか、戦…、災を潜り抜けたようなひび、そのやっぱりひなびたような、小っちゃくても良いんですけどー。
オペレーター: そういった、もの、に近いような…、あの教会でございますよね。,カスタマー: あっそうですねー。はい。
オペレーター: そういった、もの、に近いような…、あの教会でございますよね。,カスタマー: 近いような、そうです。はい。はい。はい。
オペレーター: あのー…、残ったのは側壁～、と塔だけになってしまった、みたいなんですけれども、ただあの、礎とかはですね、あの当時の物を残したまま。その上に再建されたのが、本日の、この、カトリック中町教会、な、そうなんですね。,カスタマー: あっ、そういうのが良いです。なんか、一部だけ残っててて、っていうのはー、更にーなんかードラマーを感じるのでー。
オペレーター: ああー。そうですよねー。,カスタマー: すごく良いですね。ええ、ええ。
オペレーター: しかもですねー、キリストの生涯を描いたステンドグラスとかも、美しくて…。,カスタマー: あっ、ステンドグラス良いですね。やっぱりそういうの見たいですー。
オペレーター: そういったものもございますので、こちらお客様、どうでしょうか。カトリック中町教会。,カスタマー: あっ、ちょっ、あっ、いっ、良いですねー。あのー。是非、候補に入れたい。はーい。
オペレーター: ではー、どうでしょう。お客様、まだまだ教会巡りを、してみますか。,カスタマー: そうですね、はい。
オペレーター: 今のような感じの所が、まあ古い、所が良いか、あるいは今度は、まあ、新しくても、ものすごく大きいところが良いとかー、なにか、そういったご希望ございますか。やはり今のような。古めかしい感じのところ…。,カスタマー: そうですねー。あのー、古いー所。で、なんかこう戦…、災でー、い、い、いち、一部残っているとかー、なんか、焼け焦げ…、たけども、んぐ、んまあ、そこだけ残ってるとか、あと、なんか、ステンドグラス、がー…、あるとかー、そういうのー、良いですね。
オペレーター: あのーご旅行の前に…、質問とかの、お問い合わせをして頂ければと思うんですけれども、いかがでしょうか。,カスタマー: でもなんかー、外～、外～を見てるだけでもなんか今、んぐっ、おっ、今のお話を聞いてー、外を見るだけでもなんかすごく…。
オペレーター: ええ。,カスタマー: 歴史とか想いを感じたのでー。
オペレーター: ええ。,カスタマー: まあ、中見る、見る、見られる見らられないは別として、ちょっと行ってみたいと思いました。
オペレーター: いかがでしょうか。,カスタマー: はい。是非、あの、ええ。
オペレーター: いかがでしょうか。,カスタマー: 是非、伺ってみたいと思いました。
オペレーター: ではカトリック大野教会の方を、追加致しますねー。,カスタマー: はい。
オペレーター: どうでしょう。もう一か所ぐらい、教会見ますか。それとももう、トルコライス、の方に行きますか。,カスタマー: じゃあ、もう一つ見てから、トルコライスに行きます。はいっいひっ。
オペレーター: ええー…。潜伏キリシタンの教会、と来まして、やっぱりもうちょっと違う、趣向の、所をお探しになった方がよろしいですか。,カスタマー: そう、ですね。あっうっ、そっ、ちょっと見たくなりました。はーい。ええ。
オペレーター: この中に、あるそうで、ただ今さっきと違うのは、結構ですね、あのー…、海…、が見えるような、景色の良い場所にある、という点が、はい、魅力的かなーという風に思います。,カスタマー: あー…、良いですねー。海が見えるっての良いですね。はい。
オペレーター: はい。もしよろしければですねー、こちらもー…、結構良いかなーって思いましたけれども、どうでしょう。世界遺産ばっ、かり、だと、ちょっと…、飽きますかねー。もっと別のとこが良いですか。,カスタマー: あっ、そうですねー。はい。
オペレーター: はい。もしよろしければですねー、こちらもー…、結構良いかなーって思いましたけれども、どうでしょう。世界遺産ばっ、かり、だと、ちょっと…、飽きますかねー。もっと別のとこが良いですか。,カスタマー: そうですね。そ、そうですね。へっ。
オペレーター: はい。もしよろしければですねー、こちらもー…、結構良いかなーって思いましたけれども、どうでしょう。世界遺産ばっ、かり、だと、ちょっと…、飽きますかねー。もっと別のとこが良いですか。,カスタマー: うっふふふふっ、ふふふっ、良いです。なんか今、海が見える、海も、す、
オペレーター: ええ、ええ、ええ。,カスタマー: こう海とその教会とのなん、なんて言うか、スーッ、このー、そ、それが両方こう、楽しめるー、そういう所に身を置く、う、のが、ちょっと良いなあって思ったのでー、是非そこも。
オペレーター: お客様、どうでしょう。そういう所～、が良い、かー、あるいは海が見える、まあ綺麗な景色を楽しめる教会が良いかー、どちらが良いですかね。,カスタマー: 今はその、海に、最初に教えて頂いた海～、の方に惹かれてるんですけど、スーッ、なんで今、有田焼なのかなーってこうー、思ってー。
オペレーター: あはっ。スーッ。そうですよねー。,カスタマー: なんかこう…。ただ単に有田焼～、をポッっと持ってきたんなら、特に、あの、興味はないんですけども、
オペレーター: ええ、ええ。,カスタマー: なんか、有田市～、有田、焼とのなんか深い関わりとかなんかそんなのがあって、そういうの導入することにしたとかそういう。
オペレーター: ええ、ええ。,カスタマー: なんかドラマみたいな所が、あれば、ちょっと面白いなーとは思ったん、ですが、でも、ここは…。そうです、…の方～、が良いなと思いました。
オペレーター: ではー、お客様、どうでしょう。あの、さっきの出津教会の方が良いですよね。,カスタマー: そうですねー、はい。はい。
オペレーター: ではお客様、もう結構、あのー、教会の方歩いて回っておりますのでー、そろそろトルコライスの時間にしましょうか。,カスタマー: そうですね、はい。はい。
オペレーター: えー、どういったー、お店が良いか。雰囲気とかですね。あとお値段とかご希望はございますか。,カスタマー: あのー、本当に地元の人がー、あの食べてるようなー、
オペレーター: ええ。,カスタマー: あのー、普通のー、なんかオムライスって、あっ、とっ、なんか、あっ、えーとなんかー、トルコライスってー、一つ一つが、そんなに高級食材とかじゃないですよね。
オペレーター: そうですね。ええ、ええ、ええ。,カスタマー: なんか。スパッ、スパゲッティとー、なんかー、ん、ん、ん、トンカツみたいなのとー、ごはんとかー。
オペレーター: ええ、ええ、ええ。,カスタマー: ん、ん、ですので、そんーなーなんか、
オペレーター: ええ、ええ、ええ。,カスタマー: 高級レストランで食べるっていうんじゃなくて、本当に庶民的にー、
オペレーター: ええ。,カスタマー: ん、こう皆さんが普通のお昼として食べるようなものを、なんか普通に、食べるっていう、そんな感じのお店がいいんですけど。
オペレーター: その点では、ここは外した方が、こういう感じの所は外した方が良いということで、よろしいでしょうか。,カスタマー: そうですね。ちょっと、ん、興味はある、そのー、一望できるってのは、興味はあったんですがー、まあこ、ここ、ここはやっぱり、こう。い、し、皆さんが、長崎の皆さんがこう、普通に食べるような、トルコライスを食べてみたいと思います。
オペレーター: なるほど。ではですねー。もっと普通な所で、お調べしますね。,カスタマー: はい。
オペレーター: じゃあ例えばホテルの中とかもなんかちょっとー、雰囲気違って嫌ですよねー、そうですよねー。もっと庶民的な所を、じゃあ何件か。,カスタマー: え、そ、そうですね、そう、そうです、そうですねー、はい。
オペレーター: ぴったりなのかなー、という、ランチタイムに行列が出来るくらいですのでー、まあ、ただ、そこまでして、トルコライス食べたくないー。,カスタマー: ええ。そうですね。そこまでしてっつうのはないですね。えうんー。
オペレーター: ええ、<>、普通の所でよろしいですかね。かしこまりました。では、少々お待ちくださいねー。,カスタマー: もっと普通、普通っていうか、うん。
オペレーター: あのー、千九百三十年に創業した、老舗の洋食レストラン…。のトルコライスっていうのはどうですか。,カスタマー: あっ、良いですねー。あのー。
オペレーター: ええ、ええ。,カスタマー: なん、かその老舗のっていうのが。
オペレーター: ええ、ええ、ええ、ええ。,カスタマー: なんか元祖を食べている、元祖～、に近いようなのを味わえそうな気がして、なんか良いですね。
オペレーター: そういった意味でー、結構観光では、魅力なん、だけ、ど、まあ特に特徴はない、っていう感じですのでー。スーッ、あのー。,カスタマー: それでしたら、い、今～、さっきの方が良いですねー。
オペレーター: ではお客様、もしよろしければなんですけれどもー、あのー…、ミュージアムレストラン、ですので、折角なので、この長崎歴史文化博物館の方にも行ってみますか。,カスタマー: あっ、そうですね、はい。
オペレーター: こちらでは、この長崎、歴史文化博物館の情報も、ご案内致しますね。,カスタマー: はい。
オペレーター: 締めのような感じでー、いへっへっ、ご談義の後、ちょうど、楽しいかなー、という風に思いました。,カスタマー: 良いです、良いですねー、ええ、ええ、ええ。
オペレーター: そうですよねー。教科書とかでしか見たことないですので、是非こちらもいかがで…。,カスタマー: ええ、その、大きさ感とかね、そういうの見たいと思います。ええ。
オペレーター: では、こちらも行先に入れておきますか。,カスタマー: はい。
オペレーター: では、こちらも行先に入れておきますか。,カスタマー: あっ、お願いしまーす。
オペレーター: どちらへのご旅行になりますでしょうか？,カスタマー: あ、沖縄への旅行になります。はい。
オペレーター: それではいつ頃ご旅行なさるか、もうお決まりでしょうか。,カスタマー: えー、7月から9月の、大体夏ぐらいを予定しております。
オペレーター: はい。では何名様でご旅行なさいますか？,カスタマー: あ、4名になります。
オペレーター: こちらお友達との4名様でしょうか？あるいはご家族での4名様でしょうか。,カスタマー: あ、家族です。
オペレーター: ご家族でございますね。では小さいお子様はいらっしゃいますか？,カスタマー: あ、います。
オペレーター: 沖縄のどのあたりに行きたいかとかは何かご希望はございますか？,カスタマー: えーとですね、まあ非日常を感じたいっていうのなので。
オペレーター: ええ、ええ。ええ。,カスタマー: えー、まあ私が東京に住んでいるので、なんかリラックスできるような場、場所。
オペレーター: ええ、ええ。ええ、ええ。,カスタマー: に行きたいなって思いました。
オペレーター: 例えば那覇は避けてみるとかいかがでしょうか。,カスタマー: あ、はい。那覇。避ける感じで大丈夫です。
オペレーター: ええ、ええ。ではかしこまり。ええ、どうぞ。,カスタマー: あ、中部から北部でお願いしたいです。
オペレーター: あるいは自然のものを何か見てみるか、どちらかご希望等はございますか？,カスタマー: えーと、自然のものを見てみたいですね。はい。
オペレーター: ではですね、お客様、他にも何かご覧になったり、あるいはお食事のほうお考えになりますか？いかがでしょうか。,カスタマー: あ、そうですね、沖縄なので、やはり沖縄料理がすごい気になっています。
オペレーター: ええ。ええ、ええ。,カスタマー: ので、そういった沖縄料理をこう、なんだろうな。
オペレーター: というような流れも考えられるかと思います。,カスタマー: そうですね、という意味であれば、昼に海側に行っ。
オペレーター: ええ。ええ。ええ。,カスタマー: ああ、違うな。昼に森側に行って夜に海側に行くほうでお願いしたいです。
オペレーター: はい。少々お待ち下さいませ。では夜は料理のジャンルはいかがでしょうか。どういったものでもよろしいですか？,カスタマー: そうですね。えっと、魚、刺し身とかが、魚料理をメインで食べられる場所がいいですね。
オペレーター: ですので、ええ、お客様のご希望教えていただければと思います。,カスタマー: えーと、会社の職場と、あと親戚に持って帰るお土産を選びたいので。
オペレーター: ええ。ええ。ええ。ええ、ええ。ええ。,カスタマー: 食べられるもので、比較的リーズナブルなものがいいです。
オペレーター: ではお客様、他に何かご覧にならなくて大丈夫ですか？まだ滝一箇所しか訪問していないんですけれども。,カスタマー: あ、そうですね。あのーやっぱり沖縄だと魚、まあ食べるのも有名なんですけれども。
オペレーター: ええ。ええ、ええ。,カスタマー: なんか見るほうも発掘したいなと思ってるんですけども。
オペレーター: ええ、ええ。そうですよね。,カスタマー: どこかそういうスポットがあれば紹介していただきたいです。
オペレーター: いかがでしょうか？どちらかお選びになりますか？,カスタマー: そうですね。私個人もちょっとび、ジンベエザメは見てみたいので。
オペレーター: では、えー、本日、早速ですけども、えー、ご旅行の、えー、まず行き先、ご人数などですね、えー、教えていただいてもよろしいでしょうか？,カスタマー: 今のところ北海道に妻と2人で。
オペレーター: 北海道。,カスタマー: 行きたいなあって思ってます。
オペレーター: で、えーと、そちらのほうに行って何かやりたいみたいなの。,カスタマー: そう。できれば。
オペレーター: あれば。,カスタマー: 松山千春の実家かなんか訪れてみたいですね。
オペレーター: アロマのお土産みたいな。,カスタマー: 広い花畑を見てみたかったなあっていう感じですかね。
オペレーター: 花畑であれば、あの、何だろう、何でも、何でも、特に、こだわりじゃないけど、きれいであればって感じですかね？,カスタマー: まあ、できれば北海道特有のというか名産のというか、だったら、なおさらいいですけどね。
オペレーター: 行く季節。,カスタマー: 季節はー、夏がいいですかね。
オペレーター: で、えーと、庭園のほう、えー、今ご案内させていただいたんですけど、他に何か見たいものとか、ございますか。,カスタマー: 一つには、やっぱり北海道なんで地平線が見たいのと、ま、今のところで見れればそれでいいんですけど。
オペレーター: うんうん。,カスタマー: それと、あと、できれば牧場、牛なんかの、広い。
オペレーター: 牧場。,カスタマー: 牧場なんかも近くにあれば見たいかなっていう感じですかね。
オペレーター: はい、ありがとうございます、どちらへのご旅行になりますでしょうか。,カスタマー: えっとですねー、ちょっと週末に沖縄に行くことになってー。
オペレーター: 左様でございますが、では沖縄へのご旅行でございますねー。,カスタマー: そうですー。
オペレーター: ありがとうございます、いつごろ、もう週末というのは、今度の週末とかでよろしいですか。,カスタマー: えーとですね、再来週の週末なんですけどー。
オペレーター: では、えー、再来週、まあ冬の時期にあったご旅行先ということでよろしいでしょうか。,カスタマー: はい、はい。
オペレーター: かしこまりました、では何名様でのご旅行になりますか。,カスタマー: えっと、一人なんですけどー。
オペレーター: お1人様でございますね。,カスタマー: はい。
オペレーター: かしこまりました、ではえー、本日承りますのがー、こちら沖縄へのご旅行で、えー、時期が冬、一名様ということでお間違えないでしょうか。,カスタマー: はい、そうです。
オペレーター: ありがとうございます、ではまずですね、沖縄に行ってメインでどういうことをしたいか、決めていきませんか？,カスタマー: あ、はい、お願いしまーす。
オペレーター: はい、ではですね、お客様、沖縄に行って何をしたいか何かご希望ございましたら、アイデアをいただけますでしょうか。,カスタマー: そうですね、まあ沖縄と言えば、海なんで、ビーチにちょっと水遊びじゃないですけど、ゆっくりしたいなあとか、リラックスですね、はい。
オペレーター: はい、ではビーチでお調べしてもよろしいでしょうか？,カスタマー: あ、お願いしまーす。
オペレーター: かしこまりました、ではお客様、あのー、沖縄のなかでー、例えば7のような南部と、あと北部、どちらがよろしいでしょうか。,カスタマー: あー、ちょっと沖縄よく分からなくてー、あ、でも島行ってみたいです。
オペレーター: そうですよね、なんか、都会感が強すぎますしー<>。,カスタマー: できれば離島に行ってみたいんですけどー。
オペレーター: ええー、左様でございますか、では、那覇からはな、沖縄の本島ですね、から離れた離島がよろしいでしょうか、それとも本島からすぐに行ける離島がよろしいでしょうか。,カスタマー: あー、近いほうがいいですねー、あんまり移動の時間はとりたくないんでー。
オペレーター: アクセスとしても非常に便利ですしー、こちらですねえ、えー、那覇のバスターミナルから40分となっておりますのでー、ええー、アクセス良く、えー、例えばですねこのビーチを楽しんだ後にほかのものを見るとかー、そういった点でもこちらの立地は非常に良いのではないかなと思ったんですけど、ええー、いかがでしょうか。,カスタマー: あーちょっとそこ候補にしたいですね。
オペレーター: もっとたくさんもうビーチづくしで、次もビーチ、前もビーチみたいな感じで行くのとー、それかほか例えばお買い物をするとかー、何か、まあもちろんお食事は別途お考えいただくのが良いんですけれども、まあお買い物系とかー、あるいはどうでしょう、もっとビーチで行くか、なんか別のアトラクションがいいか。,カスタマー: ちょっと話が飛んでしまうんですけどー、離島でなんか牛がひっぱる車に乗るのってあるじゃないですか<>あれちょっと一回乗ってみたいんですよねー。
オペレーター: 石垣島の方にも、こちら水牛が車をひっぱってー、海の中の、なんていうの海岸沿いですか。,カスタマー: あー、それがいいですねー、うーん。
オペレーター: そうですね、ちょっとまあ体力を使うような<>それにお客様ちょっと冬ですと、このセグウェイ、外は寒いかもしれませんね。,カスタマー: あっは、あーそうですね、あんまり汗かくことはしたくないんでー。
オペレーター: ええー、そうですよね、ではもしよろしければ、こちらの水牛の車に乗る観光がちょうどよいかなあと思ったんですけれども<>。,カスタマー: あ、はい、それがいいです。
オペレーター: ではこちら平田観光と言いますので、こちらをリストに加えておきますね。,カスタマー: はい。
オペレーター: はい、ではですねー、沖縄の郷土料理でお調べしてみましょうか。,カスタマー: はい。
オペレーター: ええー、あ、そうですよね、お客様そうなりますと、アグー豚のしゃぶしゃぶ食べても、なんか沖縄って感じしませんかね？,カスタマー: あー、あっは、あ、でも好きなんでー、OKです。
オペレーター: ええー、あそうですか、えー、私共の方に映っている写真を拝見しますとー、アグー豚のしゃぶしゃぶでしたりー、あとーちょとレア感が残ったー、えー、アグー豚のとんかつ<>そういう、お客様がよろしければ、もちろんこちらおすすめなんですけどもー、ちょっとこれ東京でも食べられるよって、あのつっこまれるときついところがございますので、もしよろしければ、ほかのところもお調べしましてー、比較していただくのが一番いいかなと思います。,カスタマー: あ、そうですねー。
オペレーター: ではですね、ほかのジャンルもお調べしてよろしいですか。,カスタマー: はい、お願いします。
オペレーター: うーん、沖縄ちょっとお魚って感じでもないのかなあっていう気はするんですけれどもー、ちょっとそうですね、ちょっと郷土料理<>うーん。,カスタマー: なんだろう、ゴーヤとかそういうもの<>うーん。
オペレーター: あ、ゴーヤでございますか、お客様ゴーヤはお好きですか。,カスタマー: 好きですー。
オペレーター: あ、お客様、麺類はお好きですか？,カスタマー: あ、好きですー。
オペレーター: あ、そうですか、あのー、こちらですねー、沖縄のソーキそばがございますねー。,カスタマー: あー、うーん、まあ沖縄料理は全般的に好きなんで何が出てきてもいいです。
オペレーター: なるほど、そうですねー、なんかそのお店のご提供の仕方としてはー、ソーキそばのところはソーキそばばっかりが多くて、まあ<>、そうですね、そうでしたらやっぱソーキそばも食べれるしー、えー、ほかのなんか沖縄料理のようなものも食べれるお店のほうがいいですかね。,カスタマー: あー、はい。
オペレーター: なるほど、そうですねー、なんかそのお店のご提供の仕方としてはー、ソーキそばのところはソーキそばばっかりが多くて、まあ<>、そうですね、そうでしたらやっぱソーキそばも食べれるしー、えー、ほかのなんか沖縄料理のようなものも食べれるお店のほうがいいですかね。,カスタマー: うーん、できれば、そのほうがいいですね、いろいろつまめるみたいな、うーん。
オペレーター: あ、良かった、そうしますと、ゴーヤチャンプルも食べれるしー、島豆腐も食べれるしー、もとぶ牛も食べれるしー、アグー豚も食べれるしー、やんばる若鶏も食べれ、たぶん全部は食べれないですけれども、ええ、そうですよねー<>。,カスタマー: あっはっは、ちょっと食べきれるか分からないけど、でもこのお店いいですね。
オペレーター: なので、ここは夕ご飯にしてー、お昼は別の場所お調べしてみましょうか。,カスタマー: あ、はい、お願いします。
オペレーター: そうですね、さっきの話だとソーキそばとかになりますがー、例えばまあ夜はこういった和食ですのでー、お昼は洋食にするとか、あるいはもっと、ええ。,カスタマー: いやー、でも沖縄で洋食、あんまりピンとこないでソーキそばでいいかなあ。
オペレーター: あー、そうですね、たぶん長袖はみなさん着てるんじゃないかなと思うんですけど。,カスタマー: うーん、うーん、あー、まあ、テイクアウトもありなんで、うーん。
オペレーター: ここですね、私共の方でご案内できるお店がですねー、例えばもうソーキそばの専門店のようなところがいいかー、あるいはー、ソーキそばとセットで、ほかのランペイとか、そういったこう定食のような感じになっているお店がいいかー、<>。,カスタマー: ま、定食のほうがいいかなー、なんかちょっと気が変わったときに、うーん。
オペレーター: そうですねー、なんていうんでしょう、今さっき申し上げましたようにタコスみたいな洋食もございますしー、こういう沖縄の伝統料理のようなものもございますしー、どうでしょう。,カスタマー: そうですね、うーん、まあそのパターンでいってみようかな。
オペレーター: では、先ほどのタコスの店はなしにしますか？,カスタマー: タコス、一応教えといていただけます。
オペレーター: はい、えー、まずタコスのお店が何度も申し上げまして申し訳ございませんが、タコス専門店タコヤ国際通り店でございますね。,カスタマー: はい。
オペレーター: そして、夕ご飯は美食ダイニングえん沖縄でお召し上がりいただくということでよろしいでしょうか？,カスタマー: はい、大丈夫です、OKです。
オペレーター: ではあのー、まずえー行き先から伺ってもよろしいですか？,カスタマー: そうですね、北海道に行きたいなーと思ってます。
オペレーター: ちなみに時期はいつごろでしょう？,カスタマー: 時期は夏ですね、はい。
オペレーター: 夏の北海道ですね。,カスタマー: 夏の北海道一応行きたいなーと。
オペレーター: で、えー、もうやりたいこと、例えばなんか、あったりしますか、具体的に。,カスタマー: あのー、友人と行こうと思ってるんですよ、男2人で。
オペレーター: あ、なるほど。,カスタマー: なんか北海道のワインて結構今、ブームっていうか人気が出てきてるなって話をちょっとちらっと聞いて、僕も好きなんで、まぁあのグルメ観光と合わせながらちょっとワイン、なんかワインツーリズムなんてよくよくなんか、最近ちょっと聞くんですけど。
オペレーター: うんうん。,カスタマー: ま言わばワイナリーをこう、まわってみたいなっていう、うん。
オペレーター: そうですね、ちょうどまぁ、うん。,カスタマー: まぁ、そうですね、ちょっと、うん、行けるにはいいかなと、でーそうだなー。
オペレーター: そうですね、ちょうどまぁ、うん。,カスタマー: ちょっとまぁお昼、ランチと夜、夜あれだなー、やっぱジンギスカン有名じゃないですか。
オペレーター: ジンギスカンですか、はい。,カスタマー: まぁす、はい、まぁ札幌周辺でまぁちょっと過ごしたいなと思ってるので、なんかやっぱり美味しいところをちょっと探してもらうことできますか？
オペレーター: ワイン。,カスタマー: なんか広ーい、まやっぱおひ、北海道広いんで、なんか自然を楽しめそうなところ、ちょっと抽象的かなぁ、あのーなんかそうですね、公園でもなんかすごいでかそうなんで、なんかそういうこう。
オペレーター: 自然、うん。,カスタマー: うーん、ちょっとちょっと地元の人が行くっていうか、なんていうのかななんか、ちょっと楽しめそうな、うーん、アクティビティというか、なんかそれもできそうなところってなんかありますかねー。
オペレーター: とか、はい。,カスタマー: あとそうだなー。
オペレーター: とか、はい。,カスタマー: なんか、夏だからこそ北海道を楽しめそうなところってあります？ちょっと抽象的か、うーん。
オペレーター: 動物とかって、お好きですか？,カスタマー: あーいいですね、動物、そうですね、動物ふれあいたいですね、うん。
オペレーター: お客様、どのようなご旅行をお考えでしょうか？,カスタマー: えー、65歳以上の
オペレーター: はい,カスタマー: 両親とー
オペレーター: はい,カスタマー: 私の3人家族でー
オペレーター: はい,カスタマー: 北海道を、冬の北海道を
オペレーター: はい,カスタマー: 観光してみたいと考えています。
オペレーター: はい、はい,カスタマー: 冬に行きますので、できれば、そのー、北海道の冬の自然をー
オペレーター: はい,カスタマー: 満喫できるようなところにー、一箇所は行ってみたいと考えています。
オペレーター: はい,カスタマー: ただー、えっとー
オペレーター: はい,カスタマー: ずっとその寒いところだとー、両親がたぶん高齢なのでー、体がこたえると思いますのでー
オペレーター: はい,カスタマー: ま、あのー、なんだろう、あったかい食べ物？
オペレーター: はい,カスタマー: 北海道の温かい、その地の食べ物、をー食べて
オペレーター: はい,カスタマー: ま、体を温めたいなーとゆう風にも考えています。
オペレーター: はい,カスタマー: 一点はー、そのー
オペレーター: はい,カスタマー: なんだろう、流氷とかー
オペレーター: はい,カスタマー: あとー、なんだろう、岬？
オペレーター: はい,カスタマー: なんだろう、襟裳岬とか<>、はい。
オペレーター: はい,カスタマー: 岬、ま、自然を満喫してー、で、もう一箇所はー、あの
オペレーター: はい,カスタマー: 冷えた体をー、あのー、温泉で温めたいなと思ったんですけどー
オペレーター: ええ,カスタマー: もしー、そのー、道内でー、えーとー
オペレーター: ええ,カスタマー: 温泉って、あのー
オペレーター: はい,カスタマー: 飲む、ことができる温泉も数少ないんですけど、ありまして
オペレーター: あー、ええ,カスタマー: あのー、そういうところがあればー、あの、今ご紹介いただいた温泉も
オペレーター: はい,カスタマー: いいんですけどー、ちょっと
オペレーター: はい行ってみたいなって思いがあります。あとはー,カスタマー: はい行ってみたいなって思いがあります。あとはー
オペレーター: はい行ってみたいなって思いがあります。あとはー,カスタマー: 北海道、結構、何でも美味しいものがあるのでー
オペレーター: あー、ええ,カスタマー: 美味しいスイーツとかも、お土産で買いたいなってふうに思っていますー。
オペレーター: よろしくお願いします、ご利用ありがとうございます、えっと今回は、あの、ご旅行、どのような感じで考えてらっしゃいますか？,カスタマー: はい、あの、大阪なんですけど<>、えっと、家族4人で、あの、はい、観光したいと思っているんで。
オペレーター: えっと、季節とかなにかご希望ございますか？,カスタマー: あの、冬を考えてます。
オペレーター: じゃあちょっとあまり指定はしないで、えーと、あとなにか、あの、したいこととかってありますかね？,カスタマー: そうですね、なんかあのー、本当はユニバーサルスタジオに行きたいんですけどー、<>のあと時間がもうどっかり取られちゃうんでー、うーん。
オペレーター: 一応、あのー、遊ぶとか見るとかっていうのでー選択ができるんですけれどもー、えっと一応、<>。,カスタマー: あ、えっと、そうですね、あの、はじめて行くので、あのー、中心部に行ってみたくってー、あの心斎橋っていうんでしたっけ、とか通天閣とか、ああいうとこは行ってみたいです。
オペレーター: その他、もうそろそろお昼とかになると思うんですけど、お昼とかー何か召し上がりたいものとかありますか？,カスタマー: そうですね、あの、大阪らしいものっていうことで、<>たこ焼き、とか、な。
オペレーター: <>出てきてるんですけれどもー、一応、ミナミのベイエリアっていうところが、この通天閣の近くなんですけれども、あのー、和食であったり洋食であったり、何かありますか、ご指定は。,カスタマー: あー、そうです、たこ焼きとかなんかそういう、あのー。
オペレーター: お店に入って食べたほうがいいですか、それとも外で食べたほうがいいですかね。,カスタマー: そうですね、じゃああの、外で、あ、食べるのもいいですね。
オペレーター: えっとー、いろいろあるんですが、和食と洋食どちらがいいですか？,カスタマー: えーとじゃあ、あの、和食でー。
オペレーター: 本日はご利用いただきまして、ありがとうございます。はい、お客様、どのようなご旅行をお考えでしょうか？,カスタマー: はい、えーとー、友達と二人で、関西の方に行きたいと思ってるんですけど。
オペレーター: はい。えーと、いつ頃の予定でございますか？,カスタマー: そうですねー、4月ぐらいで考えてます。
オペレーター: はい。,カスタマー: 関西なので。
オペレーター: ええ。,カスタマー: すごい食べ歩きとかー、できたらいいなーと思ってるんですけど。
オペレーター: はい。,カスタマー: その、食べ歩きできるようなイメージでー、例えば。
オペレーター: ええ、ええ。はい。,カスタマー: んー、なんだろうな。串カツ？串カツとか、あのたこ焼きとか、そういうお好み焼きとか、なんかそういう系のもの？が食べたいなーと思ってるんですけど。
オペレーター: うんうん。ええ。,カスタマー: でもせっかくなら夜景見たいかなって思いました。
オペレーター: そういったご要望はございますか？,カスタマー: 買いたいもの。お土産とかですかね？
オペレーター: ええ、ええ。はい。,カスタマー: うーん。大阪の、あの、グリコの、グリコの場所というか、あの、あの有名な場所あるじゃないですか。
オペレーター: あ、ああ、はい。,カスタマー: はい。あの辺、あの辺って、なんかあるのかなって思ったんですけど。
オペレーター: フフ、すごい楽しみですね。,カスタマー: なんか、甘いもの？なんか。
オペレーター: あ。はいはい、甘味処みたいな。はい。,カスタマー: はい、なんか、そういうのも知りたいです。
オペレーター: ええ、ええ。はい、あとなにか、お客様のほうで、何かご要望はございますか？,カスタマー: ああ、今のプランで満足です。
オペレーター: えっとー、今回はどのようなご旅行をご希望ですか？,カスタマー: えっとー、ちょっと友達と2人で、あの旅行に行こうと思ってて、であのー、あ静岡県に行きたいんですけど。
オペレーター: 静岡はどこか、あのー、こことかありますか？あのー。,カスタマー: あ、そうですね、え特に、あの行き先とかを、ま地方とかを決めてないんですけど。
オペレーター: あ、はい。,カスタマー: あのー、ま静岡なので、こう電車で旅行しようかなと思ってて。
オペレーター: あ、はい。,カスタマー: でその景色のいいところに、を見に行きたいなと思ってて。
オペレーター: どちらの方がいいですか？,カスタマー: そうですねー、まずとりあえず海がみたいので、なんか伊豆とかの方かなー。
オペレーター: はい。,カスタマー: 伊豆じゃないですね、まぁなんかそういうそっちの海の方が見たいかなと思いますね、はい。
オペレーター: あのー、まえっと、季節は今回はいつ、春で、すね。,カスタマー: あ、そう、えっとー、そうですね、あのーこれから暖かくなったら行こうかなと思ってるんで。
オペレーター: あのー、それ以外では神社とかはお好きですか？,カスタマー: あ、そうですね、神社好きですねー。
オペレーター: あのー、お食事とかはいかがいたしますか？,カスタマー: そうですね、せっかくまぁ海沿いにいるんで、なんか魚関連の何かが食べれたらいいかなと思うんですけど。
オペレーター: お刺身とかはお好きですか？,カスタマー: そうですね、お刺身大丈夫です、うん。
オペレーター: 金目、のあのこのじ、地元で捕れる金目鯛はブランド魚って書いてますね。,カスタマー: えじゃあ、ちょっとねぇこう奮発して、まぁたまの旅行なんで、ちょっとそういうところで、ま金目のそのしゃぶしゃぶはすごいちょっと美味しそうなんで。
オペレーター: はい。,カスタマー: そこでお昼食べようかなって思うんですが、はい。
オペレーター: あ、なんかそうですねこの、金目鯛特になんかすごく脂が乗っていて、お刺身とかあと漁師煮、浜焼き、唐揚げなんかすごい色々も、なんかメニューがあるみたいなんで、楽しんでいただけると思います。,カスタマー: そうですね、そう、やっぱあのなんか、お刺身だけだとちょっとね、寂しいので、色々食べれた方がちょっといいかなと。
オペレーター: あとなんかお土産とかいかがでしょうか？,カスタマー: そうですねー、お土産ー、なんか、あー家にちょっと、ま親とかに買っていきたいんですけど、なんかぎょ、ぎょー、魚の加工品とかなんかそういうものを扱っているところって近くにありますかね？
オペレーター: あとはなにかあのー、ご質問と他になにかやってみたいなとかございますか？,カスタマー: そうですねー、まちょっと海の方見たんで、こう海じゃないや、ま山とかそういう景色がいいところがあれば教えていただきたいんですけど。
オペレーター: 山がいいですか？,カスタマー: そうですね、山の方であれば、ま例えば湖とかなんかダムとかそういうこう、ね緑の風景が見れたらいいかなと思うんですけど。
オペレーター: あとはなにかあのーご質問とか行きたい場所、欲しいものとかございますか？,カスタマー: そうですね、お土産とかももう買ったので、まぁ、もう1箇所見に行くか、あとは夕飯の場所もちょっと考えときたいかなと思うんですけど。
オペレーター: えと何がいいですかね、和食か洋食かとかありますか？,カスタマー: そうですねー、まお昼和食というかお魚だったので、まーあの、和洋どっちでもいいんですけど、あのおに、お肉が食べられるようなお店をちょっと教えていただきたいと思います。
オペレーター: 夜は17時から21時までやっていますが、夜は要予約なのでご注意ください。,カスタマー: 予約、なんかもっとこうガッツリ、こうステーキとかハンバーグみたいなお店がもしあったら、教えていただきたいんですけど。
オペレーター: 少々お待ちください。,カスタマー: なんかバーベキュー的なものでも、いいんですけどなんかそういうのがあったらいいかなーってちょっと今思ってます。
オペレーター: えっとー、今回ご旅行はー、どちらの方面とかーをご希望されていらっしゃいますか？,カスタマー: あ、大阪の方で、ちょっと考えておりまして。
オペレーター: えとー、大阪ですと、あの何人ぐらいのかたで回られる予定でございますか？,カスタマー: えとー、今二人で、友人と二人で、はい。
オペレーター: 特にあの大阪でー見たいものとかってありますか？,カスタマー: なんかお笑いーの多分劇場とかそーゆうのあると思うんですけど、そーゆうの、とかー。
オペレーター: はい、はい。,カスタマー: あとはま大阪らしい物なんか食べたいなとか、あはは、考えてます、はい。
オペレーター: 演芸みたいな形でよろしいですかね。,カスタマー: そうですね、お笑いー、だったら。
オペレーター: はい。,カスタマー: 見たいもの、は、そんなに、ない、うん。
オペレーター: ではあのその、何かこう、歩き、歩きながら。,カスタマー: 食べ歩きとかー、なんかたこ焼き食べた、美味しいたこ焼き屋さんとか。
オペレーター: あ、こちらも、中で食べる事も外で食べる事も出来そうな感じのとこなんですけれども。,カスタマー: 何か出来ればイートイン出来る、寒そうなんで時期的に。
オペレーター: あー、そうですね。,カスタマー: な、なのでちょっと、さ、よ、中で食べれるような所があれば、いいなってゆう思いで。
オペレーター: あのー、お店の中でも食べられまして、当然お持ち帰りも出来るんですけれども、このお店はいかがでしょうか。,カスタマー: あ、そこで、是非お願いしたいでーす。
オペレーター: 串カツとかご興味ありますか？,カスタマー: あ、はい、なんか大阪らしい食べ物食べたいと思ってて、やぱちょと関東なので、すごい、そーゆうなんか、大阪らしい食べ物食べたいなってゆう。
オペレーター: 一応今道頓堀で検索かけたんですけれども、新世界の方で変えてみますね。,カスタマー: 良かった新世界で、はい。
オペレーター: 煮込み料理とかがあるのはーあの、いっとくっていう、串カツいっとくってとこ、あのお写真ではあの煮込み料理みたいなものも、あの一緒に出てまいります。,カスタマー: あー、なるほど、土手焼きとかも食べたいなって思うんで。
オペレーター: はい。,カスタマー: だったら煮込みとか、あったほうがいいですもんね、はい。
オペレーター: いろんなものが、あのー、あるのでちょっとこのー。,カスタマー: 串カツだけじゃなくて、そうですねいろんなものが食べたいね。
オペレーター: で、はい。,カスタマー: 行ってみたいです、はい。
オペレーター: とお好み、ええ、お好み焼きじゃなくて、えと、えーと、たこ焼きを食べてー、えー串カツを食べて、今あのーいっぱい食べてきてるんですけれども。,カスタマー: うふふ、なんか、そう、観光したい、観光、なんか。
オペレーター: んか、ちょっと、えーお好み焼きとかはいかがですか？,カスタマー: ちょっとー、なんか夜にホテルで高いディ、なんかちょっといい感じのディナーとかを食べたいなって思っててー。
オペレーター: じゃああのちょっと、新世界で、見られるものとかを探してみますね、はい。,カスタマー: はい、観光とかなんか、ショッピングしたいなみたいな。
オペレーター: と、こちらー、行かれますか？,カスタマー: あ、ちょっと記念に登ってみたいです、はい。
オペレーター: とー、なか。,カスタマー: まあとは散策、さっきみたいに、さっきおっしゃっていただいてたちょっとあの辺、ぷらぷらしようかなーって思って。
オペレーター: 特にいろんなお店が沢山ありますので見て回る事は本当にか、あの、簡単に、出来ると思いますので、よろしいんじゃないかと思われます。,カスタマー: あ、はい、じゃそれで、そんな感じで行きたいです、はい。
オペレーター: えっといろいろ食べ歩きされているんですけれども、ではあの夕飯とかーいかがいたしますか？,カスタマー: 夕飯はちょっと友達が誕生日なので、あのー、ちょっとホテルの、ちょっとお祝いしたいなって思ってるんですけど。
オペレーター: あーそうなんですか、はい。,カスタマー: ホテルのディナーみたいな感じでなんか、はい。
オペレーター: あのー、ホテル―ですと、あの、あ、何料理がいいですか？,カスタマー: あー、何がいいかな、イタリアンとか、えへへへへ。
オペレーター: えーっと、ホテルの中がよろしいんですよね。,カスタマー: そう、なんか景色がいいとこがいいなって思ってます、はい。
オペレーター: えっと、ちょっともう、もうお食事決めてはしまったんですけれども、あのーまああの、甘いもの屋さんとか、スイーツとか、にお立ちよりするっていう、のことは、なんか、歩いてる時に、お店、なんか選んでみたいとありますか？,カスタマー: はい、あーなんか、可愛いカフェとかちょっと行きたいなとか、流行ってる、あ、なんか韓国系のカフェとか。
オペレーター: はい。,カスタマー: なんか、よく鶴橋とか聞くんですけど、大阪の。
オペレーター: 甘味処。,カスタマー: 甘味、いや、ケーキとかがいいです。
オペレーター: 東京の新大久保に、お店がある、みたいで、ちょっとそれに次ぐ二店目ていうふうには書かれているんですけれども。,カスタマー: なんかできれば、大阪にあるー、ないのがいいかなーみたいな思うんですけど。
オペレーター: 本日はご利用いただきましてありがとうございます。お客様、どのようなご旅行をご希望でしょうか？,カスタマー: はい。春に伊豆旅行に行きたいなと考えてます。
オペレーター: はい、かしこまりました。お客様、何名様のご旅行の予定ですか？,カスタマー: っと妹と二人で行きたいです。
オペレーター: はい。お待たせいたしました。お客様あの伊豆の方で。,カスタマー: そうですね。海を見たいっていうのと。
オペレーター: はい。,カスタマー: っと春なので桜とか綺麗なところがあれば一緒に見たいなと思います。
オペレーター: そういったご希望はございますか？,カスタマー: そうですね妹が結構生き物が好きなので。
オペレーター: 海鮮丼食べたいなーって今思いました。,カスタマー: 海鮮丼食べたいなーって今思いました。
オペレーター: あとお客様あの他に何か食べてみたいですとか何か見てみたいですとかそういったご要望はございますか？,カスタマー: そうですね。スイーツとか。なんかおしゃれなスイーツとかカフェとかが
オペレーター: こういったものもございますけれども、はいご興味ございますか？,カスタマー: そうですね、海産物が色々見れるお店とかがあったら。
オペレーター: では、えっとー、場所はどの辺に行きたいとかってー、もう決まって、いらっしゃいますか？,カスタマー: とー、四国地方のほうに、こう、行ってみたいなーと思ってるんですけどー。
オペレーター: ちなみに季節とかー、えーと、どういった方と行くとかってー、もう決まってらっしゃいますか？,カスタマー: あ、えとー、もうすぐ春休みなんでー、その春休みになったら両親と行こうかなっと思ってるんですけど。
オペレーター: なんかご要望とかってあります？なんか、ちょっと古風なところがいいとか。,カスタマー: あ、雰囲気…
オペレーター: なんかご要望とかってあります？なんか、ちょっと古風なところがいいとか。,カスタマー: あ、そうですね、ちょっと、古風…ふる、古めのって言うのも変ですけど。
オペレーター: なんか歴史を感じるような…感じの所ですかね？,カスタマー: あ、そうですね、そういう感じのところが、いいです。
オペレーター: 他の県のも調べてみますか？,カスタマー: あ、でも香川県ならちょうど、ちょっと、おうどん食べたいなって思っていたので、いいなーと思って。
オペレーター: ま、例えば自然スポットだったりとかー、他になんか行きたい場所だったりとかってー、あったりしますか？,カスタマー: 私、歴史系のところ、見るのが結構好きなんでー。
オペレーター: あー、なるほど。<>,カスタマー: なんか四国とかだとー、あれですよね、土佐藩とかなんか。
オペレーター: はいはいはい。,カスタマー: 高知とかなんでー、なんかそういうところ一箇所ぐらい見れたらなーと思うんですけどー。
オペレーター: 一応、なんか、もう少々、ご紹介いたしましょうか？,カスタマー: あ、でもなんか、今度夕飯とかのほうをどうしよっかなと思って。
オペレーター: 少々お待ちください。,カスタマー: なんか夕飯…夕飯を<>
オペレーター: えと、夜はどんなものが食べたいとかってご希望はございますか？,カスタマー: どんなもの？
オペレーター: えと、夜はどんなものが食べたいとかってご希望はございますか？,カスタマー: 両親もせっかくいるので、ちょっと、なんか、豪華な…豪華なっていうのあれですけど、ものが食べたいかなと思うんですけどー。
オペレーター: 豪華なもの。なんか和食がいいとか、洋食の方がいいとかってございますか？,カスタマー: あでも、お昼が和食だったので、夜は洋食で食べてみたいかな<>、はい。
オペレーター: ほか何かしたいとかーってございますか？例えばお買い物でしたりとかー,カスタマー: そうですね、なんかお土産を買っておきたいなって思うんですけどー。
オペレーター: じゃちょっとお土産が買える場所を近くで調べさせていただきます。,カスタマー: なんかできれば
オペレーター: はい。,カスタマー: 食べ物系より、なんか物の方が、残るようなものの方がいいかなって思うんですけど。
